,Player,Team,Age,GP,W,L,Min,PTS,FGM,FGA,FG%,3PM,3PA,3P%,FTM,FTA,FT%,OREB,DREB,REB,AST,TOV,STL,BLK,PF,FP,DD2,TD3,+/-,GP RANK,W RANK,L RANK,MIN RANK,PTS RANK,FGM RANK,FGA RANK,FG% RANK,3PM RANK,3PA RANK,3P% RANK,FTM RANK,FTA RANK,FT% RANK,OREB RANK,DREB RANK,REB RANK,AST RANK,TOV RANK,STL RANK,BLK RANK,PF RANK,FP RANK,DD2 RANK,TD3 RANK,+/- RANK
1,Giannis Antetokounmpo,MIL,29,17,9,8,35.2,32.9,13.2,21.6,60.9,0.2,0.8,21.4,6.4,10.5,61.2,2.1,9.8,11.9,6.6,3.3,0.5,1.4,2.7,59.8,15.0,3.0,0.5,,,,,,,,,,,,,,,,,,,,,,,,,,
2,LaMelo Ball,CHA,23,18,6,12,34.1,31.1,10.7,24.9,43.0,4.7,13.1,35.6,4.9,5.8,84.8,0.9,4.4,5.4,6.9,4.5,1.1,0.2,4.1,47.4,4.0,0.0,-0.9,,,,,,,,,,,,,,,,,,,,,,,,,,
3,Shai Gilgeous-Alexander,OKC,26,19,15,4,34.5,29.8,10.4,20.7,50.3,2.1,6.1,33.9,6.9,8.1,85.7,0.9,4.4,5.3,6.6,2.8,1.7,1.1,1.9,51.6,2.0,0.0,10.7,,,,,,,,,,,,,,,,,,,,,,,,,,
4,Nikola Jokić,DEN,29,14,9,5,37.3,29.7,11.1,19.5,56.8,2.2,4.1,53.4,5.4,6.4,83.3,4.2,8.9,13.1,10.6,3.6,1.5,0.9,1.8,64.9,12.0,7.0,10.1,,,,,,,,,,,,,,,,,,,,,,,,,,
5,Paolo Banchero,ORL,22,5,3,2,36.4,29.0,9.6,19.4,49.5,2.2,6.4,34.4,7.6,11.8,64.4,2.4,6.4,8.8,5.6,2.2,0.6,0.8,2.6,50.0,2.0,0.0,5.8,,,,,,,,,,,,,,,,,,,,,,,,,,
6,Jayson Tatum,BOS,26,19,16,3,36.3,28.7,9.1,19.7,46.1,4.0,10.6,37.8,6.5,8.2,79.5,0.5,8.1,8.5,5.8,2.8,1.4,0.6,2.5,50.7,8.0,0.0,10.5,,,,,,,,,,,,,,,,,,,,,,,,,,
7,Anthony Davis,LAL,31,18,11,7,35.3,28.4,10.1,18.2,55.5,0.7,2.0,36.1,7.4,9.6,77.9,2.7,8.9,11.6,3.4,2.0,1.3,2.1,2.0,55.3,12.0,0.0,-1.4,,,,,,,,,,,,,,,,,,,,,,,,,,
8,Luka Dončić,DAL,25,14,7,7,36.7,28.1,9.9,22.6,43.5,3.2,9.9,32.4,5.1,6.6,78.3,0.6,7.1,7.6,7.6,3.3,1.6,0.4,2.8,51.2,4.0,0.0,6.5,,,,,,,,,,,,,,,,,,,,,,,,,,
9,De'Aaron Fox,SAC,26,20,9,11,37.8,27.7,10.1,20.2,49.9,2.1,6.2,33.9,5.5,6.9,80.3,0.9,4.1,5.0,5.8,3.7,1.6,0.1,2.7,43.7,4.0,0.0,1.0,,,,,,,,,,,,,,,,,,,,,,,,,,
10,Anthony Edwards,MIN,23,19,9,10,37.5,27.7,9.6,21.2,45.3,4.7,10.9,42.8,3.8,4.8,80.2,0.7,4.7,5.4,3.7,3.0,1.3,0.6,2.0,42.4,1.0,0.0,0.8,,,,,,,,,,,,,,,,,,,,,,,,,,
11,Kevin Durant,PHX,36,12,10,2,37.3,26.8,9.6,18.0,53.2,2.8,6.3,43.4,4.9,6.1,80.8,0.3,6.7,6.9,3.2,3.3,0.6,1.6,1.8,43.1,1.0,0.0,3.3,,,,,,,,,,,,,,,,,,,,,,,,,,
12,Damian Lillard,MIL,34,16,8,8,36.2,25.9,7.9,18.0,44.1,3.3,9.2,36.1,6.8,7.3,92.3,0.6,3.9,4.5,7.8,2.8,1.0,0.3,1.9,44.1,5.0,0.0,-0.2,,,,,,,,,,,,,,,,,,,,,,,,,,
13,Tyrese Maxey,PHI,24,12,3,9,36.2,25.9,9.3,22.2,41.7,3.3,9.8,33.3,4.2,4.9,84.7,0.2,3.0,3.2,4.5,1.8,2.0,0.3,2.7,41.6,1.0,0.0,-3.8,,,,,,,,,,,,,,,,,,,,,,,,,,
14,Jalen Brunson,NYK,28,19,11,8,34.9,25.9,8.9,18.3,49.0,2.5,6.2,41.0,5.5,6.5,83.9,0.4,2.6,3.0,7.8,2.3,0.7,0.1,2.4,41.1,5.0,0.0,3.9,,,,,,,,,,,,,,,,,,,,,,,,,,
15,Karl-Anthony Towns,NYK,29,18,10,8,33.8,25.8,9.3,17.3,54.0,2.4,5.2,46.8,4.7,5.6,85.0,2.9,9.7,12.7,3.3,2.2,0.8,0.8,3.4,48.6,16.0,0.0,4.1,,,,,,,,,,,,,,,,,,,,,,,,,,
16,Kyrie Irving,DAL,32,19,12,7,35.4,24.8,9.3,18.4,50.4,3.2,6.9,46.6,3.1,3.5,87.9,1.2,3.7,4.8,5.6,2.1,1.2,0.2,2.3,41.2,0.0,0.0,5.4,,,,,,,,,,,,,,,,,,,,,,,,,,
17,Devin Booker,PHX,28,19,11,8,36.8,24.7,8.0,18.1,44.3,2.6,7.6,34.5,6.1,6.8,89.2,1.2,2.3,3.5,6.6,2.1,1.0,0.4,2.2,41.1,3.0,0.0,-1.9,,,,,,,,,,,,,,,,,,,,,,,,,,
18,Jaylen Brown,BOS,28,15,13,2,36.5,24.7,8.5,19.6,43.2,2.6,7.7,33.9,5.2,6.8,76.5,1.4,4.9,6.3,4.3,2.5,1.1,0.4,2.9,40.8,3.0,0.0,9.0,,,,,,,,,,,,,,,,,,,,,,,,,,
19,Cam Thomas,BKN,23,17,7,10,33.4,24.7,8.1,17.5,46.1,2.9,7.4,38.9,5.7,6.6,86.6,0.4,2.9,3.2,3.4,2.8,0.7,0.1,2.0,33.1,0.0,0.0,-3.4,,,,,,,,,,,,,,,,,,,,,,,,,,
20,Donovan Mitchell,CLE,28,19,16,3,31.7,24.1,8.6,19.2,45.1,3.6,9.2,38.9,3.2,3.9,82.4,0.6,4.2,4.7,4.0,2.0,1.5,0.3,2.3,38.9,2.0,0.0,5.7,,,,,,,,,,,,,,,,,,,,,,,,,,
21,Tyler Herro,MIA,24,17,9,8,35.0,23.6,8.2,17.6,46.5,4.1,9.8,41.3,3.2,3.7,85.7,0.3,5.0,5.3,5.1,2.5,0.7,0.1,1.7,37.5,2.0,0.0,-0.1,,,,,,,,,,,,,,,,,,,,,,,,,,
22,Franz Wagner,ORL,23,21,14,7,32.3,23.6,8.8,18.5,47.4,2.2,6.2,35.4,3.9,4.5,85.3,1.0,4.6,5.5,5.8,2.2,1.9,0.4,2.3,43.4,2.0,0.0,7.2,,,,,,,,,,,,,,,,,,,,,,,,,,
23,Cade Cunningham,DET,23,18,8,10,36.2,23.5,8.8,19.9,44.3,2.3,6.2,37.5,3.5,4.3,80.8,1.1,6.1,7.2,9.0,4.7,0.9,0.8,2.6,46.2,10.0,4.0,-0.4,,,,,,,,,,,,,,,,,,,,,,,,,,
24,Victor Wembanyama,SAS,20,16,8,8,32.1,23.4,8.7,18.3,47.4,3.1,9.3,33.8,2.9,3.3,86.8,2.1,7.9,10.0,3.1,3.5,1.3,3.6,1.9,51.2,6.0,0.0,2.4,,,,,,,,,,,,,,,,,,,,,,,,,,
25,Norman Powell,LAC,31,15,8,7,33.4,23.3,8.1,16.5,49.0,3.9,7.9,48.7,3.3,4.0,81.7,0.3,2.8,3.1,2.3,2.1,1.1,0.2,1.9,32.3,1.0,0.0,0.1,,,,,,,,,,,,,,,,,,,,,,,,,,
26,RJ Barrett,TOR,24,17,4,13,34.3,22.9,8.3,18.9,43.9,2.0,5.9,34.0,4.3,6.3,68.2,1.0,5.3,6.3,6.3,3.4,0.9,0.2,2.5,39.9,4.0,1.0,-4.0,,,,,,,,,,,,,,,,,,,,,,,,,,
27,Brandon Ingram,NOP,27,16,4,12,33.7,22.9,9.0,19.4,46.5,2.4,6.7,36.4,2.4,2.9,83.0,1.0,4.8,5.8,5.4,3.9,0.8,0.6,2.6,38.4,0.0,0.0,-6.6,,,,,,,,,,,,,,,,,,,,,,,,,,
28,Zion Williamson,NOP,24,6,2,4,31.1,22.7,7.8,17.3,45.2,0.3,1.0,33.3,6.7,10.0,66.7,2.7,5.3,8.0,5.3,3.7,0.7,1.2,3.0,42.1,3.0,0.0,-2.3,,,,,,,,,,,,,,,,,,,,,,,,,,
29,DeMar DeRozan,SAC,35,15,7,8,36.3,22.6,8.5,16.8,50.8,0.7,2.3,29.4,4.9,5.9,82.0,0.5,3.6,4.1,4.1,1.9,1.5,0.6,1.5,38.1,0.0,0.0,1.6,,,,,,,,,,,,,,,,,,,,,,,,,,
30,Stephen Curry,GSW,36,15,9,6,29.9,22.5,7.5,16.0,46.7,4.2,9.7,43.4,3.3,3.5,94.3,0.5,5.0,5.5,6.3,3.3,1.5,0.5,1.3,41.2,1.0,0.0,8.1,,,,,,,,,,,,,,,,,,,,,,,,,,
31,LeBron James,LAL,39,19,11,8,35.1,22.3,8.4,16.8,49.8,2.1,5.4,38.8,3.5,4.6,75.0,0.8,7.4,8.2,9.1,4.0,0.7,0.4,1.1,45.1,11.0,6.0,-4.4,,,,,,,,,,,,,,,,,,,,,,,,,,
32,Jaren Jackson Jr.,MEM,25,18,12,6,28.3,22.2,8.0,15.5,51.6,1.7,5.2,33.0,4.5,5.6,81.0,1.6,4.2,5.8,1.3,2.2,1.3,1.8,3.2,38.2,0.0,0.0,7.2,,,,,,,,,,,,,,,,,,,,,,,,,,
33,Zach LaVine,CHI,29,18,8,10,33.8,22.0,8.0,15.7,50.9,3.2,7.4,42.9,2.8,3.4,82.3,0.2,4.3,4.5,4.1,2.7,0.8,0.3,1.8,34.2,1.0,0.0,-1.8,,,,,,,,,,,,,,,,,,,,,,,,,,
34,James Harden,LAC,35,21,12,9,34.2,21.5,6.2,16.2,38.5,2.8,8.1,34.1,6.3,7.1,88.6,0.6,6.5,7.1,8.8,4.4,1.7,0.8,2.0,46.2,11.0,1.0,1.8,,,,,,,,,,,,,,,,,,,,,,,,,,
35,Jalen Williams,OKC,23,19,15,4,31.8,21.5,8.5,16.4,51.6,2.1,5.2,39.8,2.5,3.1,79.7,0.9,5.4,6.3,5.1,2.3,2.2,0.9,2.9,43.7,2.0,0.0,5.8,,,,,,,,,,,,,,,,,,,,,,,,,,
36,Ja Morant,MEM,25,10,7,3,27.4,21.4,7.2,15.5,46.5,1.0,3.8,26.3,6.0,7.1,84.5,0.5,4.0,4.5,9.1,4.1,0.8,0.3,1.6,39.7,6.0,1.0,9.9,,,,,,,,,,,,,,,,,,,,,,,,,,
37,Trae Young,ATL,26,20,9,11,35.7,21.4,6.4,16.4,39.1,2.7,8.3,32.7,5.9,6.6,89.3,0.7,3.0,3.7,12.1,4.8,1.3,0.2,2.1,43.4,14.0,0.0,-1.1,,,,,,,,,,,,,,,,,,,,,,,,,,
38,Julius Randle,MIN,30,19,9,10,34.3,21.2,7.3,14.5,50.2,1.6,4.7,33.7,5.1,6.3,80.7,1.8,5.1,6.9,4.1,2.9,0.7,0.1,2.6,35.1,3.0,0.0,-0.1,,,,,,,,,,,,,,,,,,,,,,,,,,
39,CJ McCollum,NOP,33,7,2,5,33.3,21.0,8.0,17.7,45.2,3.3,8.9,37.1,1.7,2.7,63.2,0.6,3.0,3.6,3.3,1.9,1.4,0.6,1.7,34.4,0.0,0.0,-6.0,,,,,,,,,,,,,,,,,,,,,,,,,,
39,Jordan Poole,WAS,25,16,2,14,30.1,21.0,7.0,15.6,44.8,3.2,7.6,42.1,3.8,4.3,88.4,0.3,2.0,2.3,4.9,3.4,1.9,0.5,3.4,34.8,0.0,0.0,-11.8,,,,,,,,,,,,,,,,,,,,,,,,,,
41,Pascal Siakam,IND,30,20,9,11,34.3,21.0,8.2,15.0,54.5,1.9,4.4,42.5,2.8,3.5,80.0,1.8,4.8,6.6,3.9,1.4,0.9,0.2,2.9,36.4,2.0,0.0,0.9,,,,,,,,,,,,,,,,,,,,,,,,,,
42,Nikola Vučević,CHI,34,21,8,13,31.9,20.9,8.4,14.5,57.7,2.2,4.7,46.9,2.0,2.3,83.7,2.0,8.0,10.0,3.2,1.8,0.7,0.9,2.4,40.6,14.0,0.0,-4.0,,,,,,,,,,,,,,,,,,,,,,,,,,
43,Darius Garland,CLE,24,19,16,3,30.6,20.7,7.6,15.3,49.5,3.0,6.8,44.2,2.5,2.7,94.1,0.6,1.8,2.4,6.8,2.5,1.2,0.3,2.5,35.6,3.0,0.0,5.9,,,,,,,,,,,,,,,,,,,,,,,,,,
44,Brandon Miller,CHA,22,16,5,11,34.2,20.6,7.3,18.3,39.6,3.8,10.6,36.1,2.3,2.5,92.5,1.1,4.3,5.3,3.7,2.9,1.4,0.8,2.7,36.3,2.0,0.0,-2.1,,,,,,,,,,,,,,,,,,,,,,,,,,
45,Domantas Sabonis,SAC,28,18,8,10,36.6,20.4,7.8,12.4,62.8,1.1,2.5,42.2,3.8,4.6,84.1,2.9,10.0,12.9,6.4,3.7,0.8,0.5,3.7,45.9,17.0,4.0,3.7,,,,,,,,,,,,,,,,,,,,,,,,,,
45,Scottie Barnes,TOR,23,9,3,6,33.6,20.4,7.3,16.9,43.4,1.4,5.6,26.0,4.3,6.0,72.2,2.6,6.0,8.6,6.8,3.3,1.6,0.7,2.0,44.2,4.0,1.0,-3.2,,,,,,,,,,,,,,,,,,,,,,,,,,
47,Jalen Johnson,ATL,22,20,9,11,36.5,20.1,7.9,15.8,50.2,1.8,4.7,37.2,2.5,3.4,74.6,1.8,8.2,9.9,5.5,3.2,1.4,1.2,2.1,44.5,10.0,1.0,0.9,,,,,,,,,,,,,,,,,,,,,,,,,,
48,Joel Embiid,PHI,30,4,0,4,31.4,19.8,5.5,14.5,37.9,0.8,4.5,16.7,8.0,8.0,100,1.3,6.3,7.5,3.5,3.3,0.5,1.0,2.8,35.3,1.0,0.0,-7.8,,,,,,,,,,,,,,,,,,,,,,,,,,
49,Lauri Markkanen,UTA,27,15,3,12,31.8,19.5,6.1,13.3,45.5,2.6,6.7,39.0,4.7,5.5,85.5,1.7,4.8,6.5,2.1,1.4,0.7,0.1,1.8,31.7,1.0,0.0,-4.1,,,,,,,,,,,,,,,,,,,,,,,,,,
50,Jalen Green,HOU,22,20,14,6,32.1,19.4,6.6,16.8,39.4,2.6,8.1,31.7,3.6,4.2,86.7,0.6,4.3,4.8,2.7,2.5,1.0,0.3,1.8,30.5,1.0,0.0,3.1,,,,,,,,,,,,,,,,,,,,,,,,,,
51,Jimmy Butler,MIA,35,13,7,6,31.7,19.0,6.0,11.3,53.1,0.5,1.6,33.3,6.5,8.2,78.5,2.4,2.8,5.2,4.9,1.5,1.2,0.3,1.3,35.6,1.0,0.0,1.9,,,,,,,,,,,,,,,,,,,,,,,,,,
52,Trey Murphy III,NOP,24,7,1,6,32.4,18.7,6.6,16.1,40.7,2.4,8.1,29.8,3.1,3.9,81.5,1.0,4.6,5.6,2.0,1.6,0.7,0.7,1.7,31.1,0.0,0.0,-7.1,,,,,,,,,,,,,,,,,,,,,,,,,,
53,Alperen Sengun,HOU,22,20,14,6,30.4,18.7,7.2,15.2,47.5,0.4,1.5,26.7,3.9,5.1,76.5,3.5,7.3,10.7,5.1,2.2,1.2,1.3,2.8,44.4,14.0,3.0,9.0,,,,,,,,,,,,,,,,,,,,,,,,,,
54,Dennis Schröder,BKN,31,18,8,10,34.2,18.6,6.3,13.9,45.0,2.8,6.7,41.7,3.3,3.7,88.1,0.2,2.9,3.2,6.3,2.4,1.2,0.2,2.4,33.7,2.0,0.0,1.4,,,,,,,,,,,,,,,,,,,,,,,,,,
55,Michael Porter Jr.,DEN,26,17,10,7,36.0,18.6,7.3,14.8,49.4,2.7,6.7,40.4,1.3,1.9,66.7,1.7,5.5,7.2,2.9,1.1,0.8,0.4,2.4,34.0,3.0,0.0,4.5,,,,,,,,,,,,,,,,,,,,,,,,,,
56,Bennedict Mathurin,IND,22,20,9,11,32.4,18.5,6.1,12.3,49.4,1.8,4.1,42.7,4.7,5.6,83.8,1.3,5.4,6.7,1.8,2.1,0.7,0.3,2.5,30.0,5.0,0.0,-1.5,,,,,,,,,,,,,,,,,,,,,,,,,,
56,Kristaps Porziņģis,BOS,29,2,2,0,23.9,18.5,6.5,11.5,56.5,1.5,5.5,27.3,4.0,5.5,72.7,0.5,6.5,7.0,1.5,0.5,0.5,1.0,1.5,33.2,0.0,0.0,5.0,,,,,,,,,,,,,,,,,,,,,,,,,,
58,Jaden Ivey,DET,22,21,9,12,30.9,18.4,6.6,14.5,45.2,2.0,5.1,38.3,3.3,4.6,72.9,1.4,3.0,4.3,4.3,3.0,1.0,0.4,2.6,31.2,0.0,0.0,-0.8,,,,,,,,,,,,,,,,,,,,,,,,,,
59,Derrick White,BOS,30,19,16,3,34.3,18.3,6.4,13.4,47.6,3.8,9.1,41.9,1.8,2.1,85.0,1.2,3.5,4.7,4.4,1.4,0.8,1.1,2.4,34.7,0.0,0.0,8.8,,,,,,,,,,,,,,,,,,,,,,,,,,
60,Coby White,CHI,24,21,8,13,32.5,18.3,6.0,13.9,43.5,3.3,8.7,37.9,2.9,3.3,87.1,0.3,3.4,3.7,4.5,2.5,1.1,0.2,2.4,31.2,0.0,0.0,-3.0,,,,,,,,,,,,,,,,,,,,,,,,,,
61,De'Andre Hunter,ATL,26,10,7,3,27.3,18.2,5.9,12.4,47.6,2.3,5.7,40.4,4.1,4.6,89.1,0.6,3.7,4.3,1.3,1.4,0.7,0.2,2.6,26.6,0.0,0.0,0.2,,,,,,,,,,,,,,,,,,,,,,,,,,
62,Bradley Beal,PHX,31,11,8,3,33.4,18.2,6.9,13.7,50.3,2.5,6.2,39.7,1.9,2.4,80.8,0.5,3.2,3.7,3.2,1.5,1.2,0.8,2.6,31.9,0.0,0.0,-1.6,,,,,,,,,,,,,,,,,,,,,,,,,,
63,Evan Mobley,CLE,23,19,16,3,31.1,18.2,7.1,12.6,55.8,0.6,1.9,32.4,3.4,4.1,83.3,2.4,6.9,9.3,2.7,2.1,1.1,1.5,2.1,39.0,9.0,0.0,8.5,,,,,,,,,,,,,,,,,,,,,,,,,,
64,Gradey Dick,TOR,21,17,4,13,32.9,18.1,6.1,14.5,41.7,2.4,6.9,34.2,3.6,4.0,91.2,0.6,2.4,3.1,2.2,1.8,0.9,0.3,2.2,26.8,0.0,0.0,-1.8,,,,,,,,,,,,,,,,,,,,,,,,,,
65,Jamal Murray,DEN,27,14,7,7,35.6,18.1,6.4,15.5,41.5,2.1,6.4,32.6,3.1,4.0,78.6,0.6,3.8,4.4,6.1,1.9,1.4,0.5,1.8,36.4,1.0,0.0,7.6,,,,,,,,,,,,,,,,,,,,,,,,,,
66,OG Anunoby,NYK,27,19,11,8,36.7,17.9,6.7,13.5,49.4,2.3,6.0,37.7,2.3,2.7,84.3,1.2,4.1,5.3,2.0,1.3,1.3,0.7,2.6,32.1,0.0,0.0,5.3,,,,,,,,,,,,,,,,,,,,,,,,,,
67,John Collins,UTA,27,18,4,14,28.7,17.8,6.8,12.8,53.5,1.0,2.8,35.3,3.1,3.3,94.9,2.7,6.2,8.8,2.5,2.6,1.3,0.8,3.1,35.9,7.0,0.0,-3.3,,,,,,,,,,,,,,,,,,,,,,,,,,
68,Cameron Johnson,BKN,28,20,9,11,32.3,17.7,6.0,12.2,48.8,3.2,7.5,42.3,2.7,3.0,89.8,0.7,3.5,4.2,3.1,0.9,0.9,0.5,1.9,30.4,0.0,0.0,-1.2,,,,,,,,,,,,,,,,,,,,,,,,,,
69,Shaedon Sharpe,POR,21,12,5,7,30.2,17.7,6.3,14.6,42.9,1.8,6.3,28.0,3.4,4.3,78.8,0.8,2.3,3.1,2.3,1.8,0.8,0.3,1.8,26.2,0.0,0.0,-4.8,,,,,,,,,,,,,,,,,,,,,,,,,,
70,Tyrese Haliburton,IND,24,20,9,11,34.8,17.5,6.0,14.6,40.9,3.0,8.7,34.1,2.7,3.1,85.5,0.8,2.7,3.5,8.7,1.9,1.3,0.5,1.8,38.2,8.0,0.0,-2.9,,,,,,,,,,,,,,,,,,,,,,,,,,
71,Andrew Wiggins,GSW,29,17,10,7,28.7,17.4,6.0,13.1,45.9,2.2,5.4,41.3,3.2,4.2,76.1,1.7,2.6,4.4,2.4,0.9,0.8,0.8,1.8,29.9,1.0,0.0,4.5,,,,,,,,,,,,,,,,,,,,,,,,,,
72,Collin Sexton,UTA,25,19,4,15,28.3,17.0,5.7,12.1,47.4,1.8,4.2,43.8,3.7,4.2,88.6,0.7,1.8,2.5,3.1,2.3,0.7,0.1,2.5,24.7,0.0,0.0,-4.2,,,,,,,,,,,,,,,,,,,,,,,,,,
73,Austin Reaves,LAL,26,19,11,8,33.7,16.7,5.8,13.2,44.0,2.6,7.4,35.5,2.5,3.3,77.4,0.8,2.7,3.5,4.8,2.3,1.1,0.2,2.2,29.8,0.0,0.0,-2.1,,,,,,,,,,,,,,,,,,,,,,,,,,
74,Anfernee Simons,POR,25,17,6,11,30.8,16.7,5.9,14.9,39.4,2.4,7.5,32.0,2.5,2.8,89.6,0.2,2.3,2.5,4.3,2.5,0.9,0.1,1.7,26.5,0.0,0.0,-4.9,,,,,,,,,,,,,,,,,,,,,,,,,,
75,Chet Holmgren,OKC,22,10,8,2,26.5,16.4,5.6,11.1,50.5,1.4,3.7,37.8,3.8,4.9,77.6,1.6,7.1,8.7,2.0,2.3,0.8,2.6,1.8,37.7,4.0,0.0,9.1,,,,,,,,,,,,,,,,,,,,,,,,,,
76,Dejounte Murray,NOP,28,3,1,2,29.4,16.3,5.0,16.3,30.6,1.7,5.0,33.3,4.7,5.3,87.5,0.3,5.7,6.0,6.0,3.7,1.3,0.0,2.3,32.9,1.0,0.0,-11.3,,,,,,,,,,,,,,,,,,,,,,,,,,
77,Christian Braun,DEN,23,17,10,7,34.9,16.2,5.9,10.2,58.0,1.4,2.8,47.9,2.9,3.6,80.6,1.2,3.8,4.9,1.9,1.3,1.2,0.7,2.2,29.5,0.0,0.0,6.5,,,,,,,,,,,,,,,,,,,,,,,,,,
78,Jerami Grant,POR,30,18,7,11,32.3,16.1,5.2,13.5,38.3,2.2,6.4,34.8,3.5,4.3,81.8,0.4,3.0,3.4,2.2,1.4,0.9,1.1,2.2,27.9,0.0,0.0,-7.0,,,,,,,,,,,,,,,,,,,,,,,,,,
79,Jared McCain,PHI,20,18,4,14,25.2,16.0,5.6,12.4,44.8,2.2,6.1,36.4,2.7,2.9,90.6,0.6,1.9,2.5,2.6,1.4,0.6,0.0,1.4,23.1,1.0,0.0,-2.8,,,,,,,,,,,,,,,,,,,,,,,,,,
79,Miles Bridges,CHA,26,11,4,7,30.1,16.0,5.6,13.3,42.5,2.2,6.3,34.8,2.5,3.0,84.8,0.7,5.8,6.5,3.0,1.4,0.6,0.5,1.4,30.3,0.0,0.0,-6.4,,,,,,,,,,,,,,,,,,,,,,,,,,
81,Myles Turner,IND,28,18,8,10,32.3,15.9,5.9,12.3,48.0,2.0,5.1,39.6,2.2,3.2,68.4,1.4,6.1,7.5,1.4,2.6,0.9,2.0,3.3,33.1,3.0,0.0,-3.1,,,,,,,,,,,,,,,,,,,,,,,,,,
82,Jakob Poeltl,TOR,29,20,5,15,32.3,15.9,6.9,11.6,59.5,0.0,0.1,0.0,2.1,3.3,63.6,4.3,7.6,11.9,2.4,2.3,1.1,1.3,3.7,38.5,11.0,0.0,-1.5,,,,,,,,,,,,,,,,,,,,,,,,,,
83,Malik Beasley,DET,28,22,9,13,28.8,15.9,5.6,12.9,43.7,3.6,9.0,39.9,1.0,1.4,71.0,0.7,2.3,3.0,2.0,1.2,0.7,0.0,1.5,23.6,1.0,0.0,2.0,,,,,,,,,,,,,,,,,,,,,,,,,,
84,Kyle Kuzma,WAS,29,12,1,11,27.5,15.8,6.3,15.1,42.0,1.3,4.8,27.6,1.8,2.7,68.8,0.7,4.9,5.6,1.9,2.4,0.4,0.3,1.9,25.0,1.0,0.0,-12.5,,,,,,,,,,,,,,,,,,,,,,,,,,
85,Bam Adebayo,MIA,27,17,9,8,35.2,15.8,5.9,13.9,42.8,0.9,2.8,33.3,3.0,4.2,70.8,2.7,6.6,9.4,4.8,1.6,1.8,0.9,2.1,40.5,9.0,1.0,0.2,,,,,,,,,,,,,,,,,,,,,,,,,,
86,Devin Vassell,SAS,24,5,2,3,22.2,15.8,5.4,11.8,45.8,2.4,6.0,40.0,2.6,2.6,100,0.4,1.2,1.6,3.0,2.0,0.8,0.4,2.4,23.8,0.0,0.0,-13.8,,,,,,,,,,,,,,,,,,,,,,,,,,
87,Ivica Zubac,LAC,27,21,12,9,32.6,15.7,7.0,11.3,62.2,0.0,0.0,0.0,1.6,3.0,54.8,4.1,8.5,12.6,2.3,2.1,0.6,1.0,2.2,37.2,14.0,0.0,3.8,,,,,,,,,,,,,,,,,,,,,,,,,,
88,Payton Pritchard,BOS,26,19,16,3,27.4,15.6,5.2,10.7,48.5,3.7,8.4,44.0,1.5,1.7,87.5,0.9,1.8,2.8,2.8,0.9,1.1,0.1,1.7,25.7,0.0,0.0,5.5,,,,,,,,,,,,,,,,,,,,,,,,,,
89,Mikal Bridges,NYK,28,19,11,8,38.1,15.5,6.5,14.4,45.4,2.0,6.5,30.6,0.4,0.7,61.5,1.1,2.6,3.7,3.3,1.5,1.1,0.5,1.3,28.1,0.0,0.0,2.8,,,,,,,,,,,,,,,,,,,,,,,,,,
90,Keyonte George,UTA,21,18,3,15,31.8,15.4,5.2,13.9,37.1,2.7,8.0,34.0,2.4,3.1,78.2,0.5,2.4,2.9,5.8,3.2,0.7,0.1,1.9,26.9,1.0,0.0,-9.8,,,,,,,,,,,,,,,,,,,,,,,,,,
91,Aaron Gordon,DEN,29,7,4,3,30.3,15.4,5.3,10.0,52.9,1.7,3.1,54.5,3.1,3.7,84.6,2.7,4.0,6.7,3.1,1.3,0.7,0.3,1.9,29.9,2.0,0.0,7.3,,,,,,,,,,,,,,,,,,,,,,,,,,
91,Jeremy Sochan,SAS,21,7,3,4,29.3,15.4,6.3,12.3,51.2,0.4,1.7,25.0,2.4,3.6,68.0,2.4,5.3,7.7,3.0,2.3,1.0,0.4,3.0,31.2,2.0,0.0,-1.3,,,,,,,,,,,,,,,,,,,,,,,,,,
93,Jalen Suggs,ORL,23,20,13,7,29.2,15.4,5.3,12.6,41.8,2.2,6.9,32.1,2.7,2.9,93.1,0.6,3.7,4.3,3.9,2.7,1.3,1.1,2.6,30.9,0.0,0.0,1.1,,,,,,,,,,,,,,,,,,,,,,,,,,
94,Immanuel Quickley,TOR,25,3,0,3,22.5,15.3,5.3,14.0,38.1,2.0,5.3,37.5,2.7,3.0,88.9,0.3,1.7,2.0,4.0,1.3,0.7,0.0,2.3,24.4,0.0,0.0,-9.7,,,,,,,,,,,,,,,,,,,,,,,,,,
95,Buddy Hield,GSW,31,19,12,7,23.3,15.3,5.4,11.6,46.4,3.4,7.7,44.2,1.2,1.3,91.7,0.7,2.7,3.5,1.6,1.2,0.8,0.3,2.2,23.9,0.0,0.0,3.4,,,,,,,,,,,,,,,,,,,,,,,,,,
96,Fred VanVleet,HOU,30,19,13,6,34.9,15.1,5.4,13.9,38.9,2.4,7.3,32.4,1.9,2.4,80.0,0.6,3.8,4.4,6.3,1.3,1.7,0.4,2.4,35.1,3.0,0.0,8.3,,,,,,,,,,,,,,,,,,,,,,,,,,
97,Malik Monk,SAC,26,13,7,6,26.7,15.1,5.5,11.8,46.4,1.9,5.4,35.7,2.2,2.8,80.6,0.1,3.2,3.2,3.8,1.2,0.8,0.5,2.2,27.5,0.0,0.0,1.8,,,,,,,,,,,,,,,,,,,,,,,,,,
98,Jordan Clarkson,UTA,32,13,3,10,26.0,15.0,5.2,13.4,39.1,1.7,6.2,27.5,2.8,3.5,80.4,0.8,3.1,3.8,3.8,2.0,0.8,0.1,1.5,26.2,0.0,0.0,-7.5,,,,,,,,,,,,,,,,,,,,,,,,,,
99,Malcolm Brogdon,WAS,31,7,0,7,24.0,14.6,5.4,9.9,55.1,0.7,2.0,35.7,3.0,3.4,87.5,0.9,3.7,4.6,2.9,1.6,0.6,0.3,2.4,25.3,2.0,0.0,-9.3,,,,,,,,,,,,,,,,,,,,,,,,,,
100,Jarrett Allen,CLE,26,20,17,3,29.6,14.5,5.9,8.4,70.1,0.0,0.0,0.0,2.8,3.8,74.7,2.4,8.4,10.7,1.7,1.0,0.9,1.1,1.2,34.7,14.0,0.0,4.4,,,,,,,,,,,,,,,,,,,,,,,,,,
101,Deandre Ayton,POR,26,13,4,9,30.5,14.5,6.6,12.3,53.8,0.4,1.2,33.3,0.8,1.2,68.8,3.0,7.5,10.5,1.2,1.6,0.9,0.7,1.9,32.1,9.0,0.0,-4.2,,,,,,,,,,,,,,,,,,,,,,,,,,
102,Paul George,PHI,34,9,2,7,28.6,14.4,5.0,13.2,37.8,1.8,6.2,28.6,2.7,3.3,80.0,0.9,4.8,5.7,4.8,3.1,2.1,0.2,2.4,32.3,1.0,0.0,-3.7,,,,,,,,,,,,,,,,,,,,,,,,,,
103,Isaiah Hartenstein,OKC,26,4,4,0,31.9,14.3,6.0,10.5,57.1,0.0,0.0,0.0,2.3,3.3,69.2,3.0,11.0,14.0,3.8,2.5,0.3,1.8,3.3,40.2,4.0,0.0,12.0,,,,,,,,,,,,,,,,,,,,,,,,,,
104,Tre Mann,CHA,23,13,6,7,24.5,14.1,5.4,12.4,43.5,1.8,4.6,40.0,1.5,1.6,90.5,0.9,2.0,2.9,3.0,1.9,0.5,0.3,1.8,22.7,0.0,0.0,-4.2,,,,,,,,,,,,,,,,,,,,,,,,,,
105,Josh Hart,NYK,29,19,11,8,37.4,13.9,5.4,9.2,59.2,1.3,3.4,36.9,1.8,2.2,85.4,1.8,6.7,8.5,5.6,1.9,1.3,0.4,2.4,35.7,7.0,1.0,3.3,,,,,,,,,,,,,,,,,,,,,,,,,,
106,Desmond Bane,MEM,26,13,8,5,27.3,13.8,5.1,12.4,41.0,1.8,5.7,31.1,1.8,2.4,77.4,0.8,5.5,6.4,3.8,2.3,0.8,0.5,2.5,28.9,2.0,0.0,2.0,,,,,,,,,,,,,,,,,,,,,,,,,,
107,Jonathan Kuminga,GSW,22,17,12,5,22.8,13.5,5.0,11.6,43.1,1.1,3.6,29.0,2.5,4.1,60.9,1.1,3.0,4.1,1.8,1.4,1.1,0.4,1.9,24.2,0.0,0.0,2.1,,,,,,,,,,,,,,,,,,,,,,,,,,
108,Dyson Daniels,ATL,21,19,10,9,33.7,13.5,5.7,12.9,43.9,1.2,4.1,29.5,0.9,1.5,62.1,1.6,3.5,5.1,3.1,1.8,3.0,0.9,2.7,34.2,1.0,0.0,-2.5,,,,,,,,,,,,,,,,,,,,,,,,,,
109,Tobias Harris,DET,32,21,9,12,32.5,13.4,5.2,11.8,44.0,1.3,4.3,31.1,1.7,2.1,80.0,1.0,6.0,7.0,2.4,1.3,0.7,0.9,2.0,29.1,2.0,0.0,-0.1,,,,,,,,,,,,,,,,,,,,,,,,,,
110,Naz Reid,MIN,25,19,9,10,24.6,13.4,4.8,10.1,48.2,1.9,5.2,37.4,1.7,1.9,89.2,0.7,4.4,5.2,1.5,1.3,0.7,0.6,2.3,24.6,1.0,0.0,-0.2,,,,,,,,,,,,,,,,,,,,,,,,,,
111,Klay Thompson,DAL,34,17,9,8,28.5,13.2,4.7,12.3,38.3,2.9,8.0,36.8,0.9,0.9,93.8,0.7,2.9,3.6,1.8,0.9,0.6,0.4,1.3,22.5,0.0,0.0,4.7,,,,,,,,,,,,,,,,,,,,,,,,,,
112,Jordan Hawkins,NOP,22,11,3,8,27.4,13.1,4.3,11.5,37.3,2.0,6.0,33.3,2.5,2.8,90.3,0.5,3.4,3.8,1.3,1.3,0.3,0.4,1.1,20.2,0.0,0.0,-7.5,,,,,,,,,,,,,,,,,,,,,,,,,,
113,Santi Aldama,MEM,23,20,13,7,27.6,12.9,5.3,10.7,49.5,1.4,4.4,32.2,0.9,1.2,78.3,1.8,5.9,7.6,3.3,1.5,0.8,0.5,1.2,29.2,6.0,0.0,5.1,,,,,,,,,,,,,,,,,,,,,,,,,,
114,Bobby Portis,MIL,29,18,9,9,23.7,12.8,5.4,11.8,46.2,1.0,3.1,32.7,0.9,1.2,72.7,1.8,5.6,7.4,1.3,1.2,0.4,0.6,1.4,25.4,2.0,0.0,-2.7,,,,,,,,,,,,,,,,,,,,,,,,,,
115,Terry Rozier,MIA,30,15,7,8,30.1,12.7,4.5,11.1,40.4,2.1,5.9,36.4,1.7,1.9,86.2,0.7,3.1,3.8,3.3,1.8,0.7,0.4,1.7,23.6,0.0,0.0,-1.3,,,,,,,,,,,,,,,,,,,,,,,,,,
116,Kelly Oubre Jr.,PHI,28,18,4,14,30.8,12.7,5.0,11.6,43.1,1.1,4.4,25.3,1.6,2.1,76.3,1.6,3.5,5.1,1.3,1.4,1.1,0.6,3.2,24.4,0.0,0.0,-6.1,,,,,,,,,,,,,,,,,,,,,,,,,,
117,Moritz Wagner,ORL,27,21,14,7,19.0,12.7,4.6,8.3,55.2,0.9,2.6,33.3,2.7,3.6,76.0,1.3,3.4,4.7,1.4,1.7,0.7,0.3,1.9,21.5,0.0,0.0,0.5,,,,,,,,,,,,,,,,,,,,,,,,,,
118,Bilal Coulibaly,WAS,20,17,2,15,35.1,12.6,4.6,9.6,48.2,1.0,3.2,30.9,2.4,3.1,75.5,1.5,3.8,5.4,2.8,1.9,1.3,0.6,2.4,27.2,0.0,0.0,-14.1,,,,,,,,,,,,,,,,,,,,,,,,,,
119,Brook Lopez,MIL,36,19,10,9,32.8,12.6,4.7,9.8,47.8,2.1,5.6,36.8,1.2,1.6,74.2,1.2,3.8,4.9,1.8,1.2,1.3,2.4,2.5,31.0,1.0,0.0,2.0,,,,,,,,,,,,,,,,,,,,,,,,,,
120,Dillon Brooks,HOU,28,20,14,6,30.9,12.4,4.6,11.2,40.8,2.1,5.5,37.6,1.3,1.5,83.3,1.3,2.2,3.5,1.5,0.9,0.6,0.3,3.1,20.4,0.0,0.0,8.9,,,,,,,,,,,,,,,,,,,,,,,,,,
120,Keegan Murray,SAC,24,20,9,11,36.7,12.4,4.8,11.6,41.4,1.6,5.8,27.8,1.2,1.5,82.8,2.5,5.4,7.9,1.7,1.1,0.7,0.7,3.1,27.5,7.0,0.0,2.4,,,,,,,,,,,,,,,,,,,,,,,,,,
120,P.J. Washington,DAL,26,15,11,4,32.3,12.4,4.7,10.5,44.9,1.1,3.5,32.1,1.8,2.3,77.1,1.9,7.1,9.0,2.1,1.5,1.5,1.2,2.2,32.8,7.0,0.0,4.3,,,,,,,,,,,,,,,,,,,,,,,,,,
123,Daniel Gafford,DAL,26,19,11,8,21.2,12.4,5.3,7.3,73.2,0.0,0.0,0.0,1.7,2.6,67.3,3.0,3.9,6.9,1.3,0.9,0.6,1.3,2.7,27.2,2.0,0.0,-0.3,,,,,,,,,,,,,,,,,,,,,,,,,,
124,Ochai Agbaji,TOR,24,20,5,15,31.2,12.3,4.8,8.9,53.9,2.0,4.1,47.6,0.7,1.0,70.0,1.0,3.6,4.5,2.1,1.0,1.1,0.6,2.6,24.8,0.0,0.0,-4.5,,,,,,,,,,,,,,,,,,,,,,,,,,
125,Jaylen Wells,MEM,21,20,13,7,25.3,12.2,4.5,9.8,45.4,2.0,5.0,39.4,1.4,1.8,77.1,0.9,2.4,3.3,1.9,1.3,0.4,0.3,1.5,19.7,0.0,0.0,3.1,,,,,,,,,,,,,,,,,,,,,,,,,,
126,Russell Westbrook,DEN,36,17,10,7,24.7,12.2,4.0,10.2,39.1,1.4,3.8,37.5,2.8,4.1,68.1,0.9,3.2,4.1,5.9,2.6,1.5,0.6,2.4,29.6,2.0,1.0,-4.7,,,,,,,,,,,,,,,,,,,,,,,,,,
127,Dalton Knecht,LAL,23,19,11,8,23.8,12.2,4.4,8.9,49.7,2.5,5.6,43.9,0.8,0.9,88.9,0.5,2.7,3.3,1.2,0.4,0.5,0.0,1.3,18.9,0.0,0.0,1.5,,,,,,,,,,,,,,,,,,,,,,,,,,
128,Jrue Holiday,BOS,34,18,15,3,31.0,12.1,4.3,9.4,45.9,1.8,5.2,34.4,1.7,1.8,90.9,1.0,3.3,4.3,3.9,1.6,0.7,0.3,1.4,24.7,0.0,0.0,6.4,,,,,,,,,,,,,,,,,,,,,,,,,,
129,D'Angelo Russell,LAL,28,19,11,8,26.9,12.1,4.3,10.5,40.5,1.8,5.8,30.6,1.7,2.0,86.8,0.3,2.3,2.6,4.8,1.7,1.0,0.2,1.9,24.2,0.0,0.0,4.4,,,,,,,,,,,,,,,,,,,,,,,,,,
130,Ty Jerome,CLE,27,20,17,3,19.2,12.1,4.5,7.7,57.8,1.7,3.2,52.4,1.5,1.7,88.2,0.5,1.6,2.1,3.8,1.4,1.5,0.1,1.6,23.3,0.0,0.0,4.4,,,,,,,,,,,,,,,,,,,,,,,,,,
131,Jonas Valančiūnas,WAS,32,18,2,16,20.0,12.0,4.8,8.2,58.1,0.1,0.4,25.0,2.3,2.5,93.3,2.2,5.3,7.6,2.2,1.7,0.4,0.7,1.8,25.9,4.0,0.0,-5.4,,,,,,,,,,,,,,,,,,,,,,,,,,
131,Rui Hachimura,LAL,26,14,8,6,31.5,12.0,4.4,9.9,44.2,1.6,3.5,46.9,1.6,1.9,85.2,2.0,3.3,5.3,1.6,0.6,0.6,0.6,1.9,23.9,1.0,0.0,0.6,,,,,,,,,,,,,,,,,,,,,,,,,,
133,Scotty Pippen Jr.,MEM,24,20,13,7,25.0,12.0,4.5,9.2,49.2,1.2,3.0,38.3,1.8,2.4,75.0,0.7,3.3,4.0,5.7,2.1,1.2,0.4,2.8,27.9,5.0,1.0,-0.1,,,,,,,,,,,,,,,,,,,,,,,,,,
134,Amen Thompson,HOU,21,20,14,6,26.7,11.9,4.4,7.6,57.6,0.3,1.0,30.0,2.9,4.0,73.4,2.2,4.9,7.0,2.1,1.8,1.3,1.0,2.5,28.6,5.0,0.0,4.1,,,,,,,,,,,,,,,,,,,,,,,,,,
135,Keldon Johnson,SAS,25,18,9,9,26.1,11.9,4.3,10.1,43.1,1.1,4.0,27.8,2.1,2.7,77.6,1.0,4.6,5.6,1.7,0.8,0.8,0.2,1.8,23.4,1.0,0.0,-4.2,,,,,,,,,,,,,,,,,,,,,,,,,,
136,Ayo Dosunmu,CHI,24,21,8,13,29.3,11.9,4.6,9.7,47.8,1.1,3.9,28.0,1.5,2.0,78.0,0.6,3.1,3.7,4.1,1.3,0.5,0.4,2.3,24.0,0.0,0.0,-7.4,,,,,,,,,,,,,,,,,,,,,,,,,,
137,Jabari Smith Jr.,HOU,21,20,14,6,28.6,11.9,4.2,9.3,44.9,1.6,4.5,36.0,2.0,2.3,86.7,1.9,4.6,6.5,0.9,0.6,0.3,0.7,2.3,23.3,2.0,0.0,4.4,,,,,,,,,,,,,,,,,,,,,,,,,,
138,Harrison Barnes,SAS,32,19,10,9,29.3,11.7,3.8,7.4,51.8,1.6,3.4,46.9,2.5,3.1,79.7,1.8,2.9,4.7,1.6,0.8,0.3,0.2,0.8,20.7,1.0,0.0,2.1,,,,,,,,,,,,,,,,,,,,,,,,,,
139,Josh Giddey,CHI,22,21,8,13,26.9,11.7,4.3,9.9,43.8,1.2,3.4,36.1,1.8,2.5,71.7,1.3,4.7,6.0,6.7,2.4,0.8,0.4,1.6,30.1,3.0,0.0,-4.3,,,,,,,,,,,,,,,,,,,,,,,,,,
140,Scoot Henderson,POR,20,16,6,10,26.5,11.7,4.3,10.4,41.6,1.0,3.1,32.0,2.1,2.8,75.0,0.7,2.2,2.9,5.4,3.1,0.9,0.1,2.6,23.4,0.0,0.0,-6.9,,,,,,,,,,,,,,,,,,,,,,,,,,
141,Julian Champagnie,SAS,23,19,10,9,29.3,11.6,4.1,9.4,43.3,2.4,6.7,35.4,1.1,1.3,87.5,0.8,4.3,5.1,1.7,1.2,0.9,0.6,1.5,23.7,0.0,0.0,2.7,,,,,,,,,,,,,,,,,,,,,,,,,,
142,Bogdan Bogdanović,ATL,32,7,4,3,24.8,11.6,4.0,10.3,38.9,2.3,6.6,34.8,1.3,1.3,100,1.0,2.6,3.6,1.7,1.6,0.4,0.4,2.9,19.4,0.0,0.0,-4.0,,,,,,,,,,,,,,,,,,,,,,,,,,
142,Zaccharie Risacher,ATL,19,21,10,11,24.3,11.6,4.2,10.3,40.7,1.3,4.7,28.6,1.9,2.7,69.6,1.2,2.4,3.6,1.4,1.2,0.9,0.8,2.2,21.8,0.0,0.0,-2.2,,,,,,,,,,,,,,,,,,,,,,,,,,
144,Naji Marshall,DAL,26,20,12,8,24.1,11.6,4.7,8.6,54.4,0.8,2.6,29.4,1.5,1.7,88.2,1.2,2.2,3.4,2.4,1.5,1.0,0.1,1.6,20.9,0.0,0.0,3.6,,,,,,,,,,,,,,,,,,,,,,,,,,
145,Brandon Boston Jr.,NOP,23,17,2,15,29.0,11.5,4.3,10.3,41.7,1.2,3.9,29.9,1.8,2.1,83.3,0.9,3.1,3.9,4.0,1.7,1.6,0.2,1.9,26.0,0.0,0.0,-6.2,,,,,,,,,,,,,,,,,,,,,,,,,,
146,Caris LeVert,CLE,30,14,13,1,24.1,11.5,4.1,7.7,52.8,1.7,3.6,47.1,1.6,2.1,76.7,0.6,2.1,2.8,4.3,1.1,0.9,0.5,1.4,24.5,0.0,0.0,9.9,,,,,,,,,,,,,,,,,,,,,,,,,,
147,Stephon Castle,SAS,20,19,10,9,26.6,11.5,4.1,10.2,39.7,1.2,4.0,28.9,2.2,3.1,71.2,0.8,1.9,2.7,3.8,1.7,0.8,0.4,1.7,22.5,0.0,0.0,1.3,,,,,,,,,,,,,,,,,,,,,,,,,,
147,Tyus Jones,PHX,28,19,11,8,32.5,11.5,4.5,9.5,47.0,2.1,5.2,39.4,0.5,0.6,75.0,0.7,2.1,2.7,7.2,1.1,1.1,0.1,1.0,28.1,3.0,0.0,-0.8,,,,,,,,,,,,,,,,,,,,,,,,,,
149,Deni Avdija,POR,23,20,8,12,27.0,11.4,3.7,9.3,39.5,1.2,3.9,31.2,2.9,3.7,78.4,1.3,4.9,6.2,3.3,2.0,1.1,0.9,2.0,27.7,2.0,0.0,-4.0,,,,,,,,,,,,,,,,,,,,,,,,,,
150,Tari Eason,HOU,23,20,14,6,22.7,11.4,4.6,9.2,49.7,0.9,2.8,32.1,1.4,1.8,77.1,2.1,4.2,6.3,1.1,0.9,2.1,1.1,2.5,29.1,1.0,0.0,5.4,,,,,,,,,,,,,,,,,,,,,,,,,,
151,Corey Kispert,WAS,25,18,2,16,28.7,11.3,4.2,10.0,41.7,1.9,6.2,31.5,1.0,1.2,81.8,0.4,3.1,3.5,1.4,1.2,0.7,0.1,1.7,18.8,0.0,0.0,-8.2,,,,,,,,,,,,,,,,,,,,,,,,,,
152,Nick Richards,CHA,27,6,2,4,27.1,11.2,4.0,6.3,63.2,0.0,0.2,0.0,3.2,4.8,65.5,3.5,5.8,9.3,1.7,1.3,0.5,2.5,3.3,32.5,3.0,0.0,-4.5,,,,,,,,,,,,,,,,,,,,,,,,,,
153,Zach Edey,MEM,22,14,8,6,20.1,11.1,4.6,7.5,61.0,0.4,0.7,60.0,1.6,2.4,66.7,3.1,3.9,6.9,0.8,1.6,0.9,1.0,3.1,24.6,2.0,0.0,3.4,,,,,,,,,,,,,,,,,,,,,,,,,,
154,Onyeka Okongwu,ATL,23,19,9,10,23.9,11.0,4.3,8.0,53.3,0.4,1.8,20.0,2.1,2.6,81.6,2.4,4.3,6.7,1.7,0.9,0.6,0.7,2.2,24.7,4.0,0.0,-3.3,,,,,,,,,,,,,,,,,,,,,,,,,,
155,Duncan Robinson,MIA,30,16,8,8,22.0,10.8,3.8,9.3,40.9,2.6,6.8,38.5,0.6,0.8,75.0,0.3,1.9,2.3,1.9,0.8,0.5,0.2,2.1,17.7,0.0,0.0,3.7,,,,,,,,,,,,,,,,,,,,,,,,,,
156,Jose Alvarado,NOP,26,11,3,8,25.6,10.7,3.6,9.2,39.6,2.2,5.5,40.0,1.3,1.5,82.4,0.5,1.6,2.2,4.5,1.3,1.5,0.3,2.4,24.2,0.0,0.0,-6.9,,,,,,,,,,,,,,,,,,,,,,,,,,
157,Miles McBride,NYK,24,14,7,7,25.7,10.7,3.9,8.6,45.8,1.9,5.0,38.6,0.9,1.1,86.7,0.6,2.1,2.7,2.4,0.9,1.0,0.3,1.7,20.6,0.0,0.0,4.9,,,,,,,,,,,,,,,,,,,,,,,,,,
158,Clint Capela,ATL,30,21,10,11,22.5,10.7,4.7,8.0,59.3,0.0,0.0,0.0,1.2,2.2,55.3,3.4,5.4,8.8,1.3,0.8,0.6,1.0,1.9,27.1,5.0,0.0,1.0,,,,,,,,,,,,,,,,,,,,,,,,,,
158,Dorian Finney-Smith,BKN,31,15,6,9,29.0,10.7,3.8,8.1,46.7,2.3,5.5,42.2,0.7,1.2,61.1,1.8,2.5,4.3,1.8,1.1,0.9,0.5,3.1,21.8,0.0,0.0,3.7,,,,,,,,,,,,,,,,,,,,,,,,,,
158,Grayson Allen,PHX,29,15,10,5,23.1,10.7,3.3,8.5,39.4,2.3,6.4,35.4,1.7,2.2,78.8,0.5,2.1,2.7,1.2,1.2,0.7,0.3,1.3,17.5,0.0,0.0,-0.7,,,,,,,,,,,,,,,,,,,,,,,,,,
161,Chris Paul,SAS,39,19,10,9,28.4,10.6,3.6,7.8,45.6,1.9,5.1,37.1,1.5,1.5,100,0.4,3.2,3.6,8.2,1.8,1.4,0.2,1.9,30.1,7.0,0.0,3.0,,,,,,,,,,,,,,,,,,,,,,,,,,
162,Alexandre Sarr,WAS,19,18,2,16,26.8,10.6,3.9,10.5,37.6,1.1,4.6,24.4,1.6,2.3,66.7,1.9,4.1,6.1,2.1,1.3,0.7,1.8,2.8,27.4,2.0,0.0,-12.9,,,,,,,,,,,,,,,,,,,,,,,,,,
163,Grant Williams,CHA,26,16,6,10,29.9,10.4,3.4,7.7,43.9,1.7,4.6,36.5,1.9,2.3,83.8,1.1,4.0,5.1,2.3,1.8,1.1,0.8,2.9,24.1,0.0,0.0,0.6,,,,,,,,,,,,,,,,,,,,,,,,,,
164,Rudy Gobert,MIN,32,19,9,10,34.4,10.4,3.8,6.0,64.0,0.0,0.0,0.0,2.7,3.4,78.5,3.4,7.7,11.2,1.9,1.7,0.4,1.6,2.9,31.0,8.0,0.0,2.5,,,,,,,,,,,,,,,,,,,,,,,,,,
165,De'Anthony Melton,GSW,26,6,4,2,20.2,10.3,3.7,9.0,40.7,2.2,5.8,37.1,0.8,1.3,62.5,1.0,2.3,3.3,2.8,1.7,1.2,0.3,3.0,21.4,1.0,0.0,4.5,,,,,,,,,,,,,,,,,,,,,,,,,,
166,Walker Kessler,UTA,23,13,3,10,27.8,10.3,4.5,6.3,70.7,0.0,0.0,0.0,1.4,2.5,56.3,3.8,6.5,10.4,1.4,1.4,0.6,2.9,2.3,34.1,7.0,0.0,-7.4,,,,,,,,,,,,,,,,,,,,,,,,,,
167,Derrick Jones Jr.,LAC,27,21,12,9,25.5,10.3,4.0,7.9,50.0,1.2,3.0,41.9,1.1,1.3,85.7,1.4,2.1,3.5,1.0,1.1,1.3,0.2,2.4,19.4,0.0,0.0,0.8,,,,,,,,,,,,,,,,,,,,,,,,,,
168,Luguentz Dort,OKC,25,19,15,4,29.3,10.3,3.4,8.1,42.2,2.2,5.3,41.0,1.3,1.5,82.8,1.4,3.3,4.7,1.7,0.7,1.2,0.7,2.9,23.5,0.0,0.0,6.8,,,,,,,,,,,,,,,,,,,,,,,,,,
169,Chris Boucher,TOR,31,20,5,15,18.3,10.3,3.8,7.9,47.8,1.2,3.8,30.3,1.6,2.2,74.4,1.3,3.4,4.7,0.6,0.7,0.6,0.8,1.2,20.0,0.0,0.0,-1.5,,,,,,,,,,,,,,,,,,,,,,,,,,
170,Jaden McDaniels,MIN,24,19,9,10,30.5,10.2,4.1,9.2,44.0,1.2,4.0,28.9,0.9,1.4,69.2,1.3,2.5,3.7,1.9,1.1,1.2,0.8,3.4,22.5,0.0,0.0,-2.4,,,,,,,,,,,,,,,,,,,,,,,,,,
171,Dalano Banton,POR,25,18,7,11,16.2,9.9,3.5,8.1,43.2,1.4,3.6,40.0,1.5,2.3,65.9,0.3,2.1,2.3,2.4,1.8,1.1,0.7,1.2,19.9,0.0,0.0,3.4,,,,,,,,,,,,,,,,,,,,,,,,,,
172,Patrick Williams,CHI,23,15,6,9,28.9,9.9,3.3,8.9,37.6,1.9,4.7,39.4,1.4,1.7,84.0,1.1,3.9,5.0,2.3,1.9,1.0,0.5,1.4,22.1,1.0,0.0,-5.2,,,,,,,,,,,,,,,,,,,,,,,,,,
173,Caleb Martin,PHI,29,16,3,13,32.0,9.9,3.4,8.2,41.2,0.9,2.9,30.4,2.3,3.3,67.9,1.6,3.4,4.9,2.5,2.0,1.1,0.6,1.9,22.4,1.0,0.0,-7.4,,,,,,,,,,,,,,,,,,,,,,,,,,
174,Tim Hardaway Jr.,DET,32,19,7,12,27.5,9.8,3.2,7.9,39.7,1.9,5.5,35.6,1.6,1.8,88.2,0.2,1.6,1.7,1.7,0.6,0.3,0.0,1.2,14.7,0.0,0.0,-3.8,,,,,,,,,,,,,,,,,,,,,,,,,,
175,T.J. McConnell,IND,32,19,9,10,18.8,9.8,4.6,8.4,55.3,0.1,0.3,20.0,0.5,0.7,69.2,0.6,2.1,2.6,4.0,1.6,1.4,0.3,1.0,22.3,0.0,0.0,-1.6,,,,,,,,,,,,,,,,,,,,,,,,,,
176,Guerschon Yabusele,PHI,28,18,4,14,23.4,9.7,3.6,7.3,48.5,1.7,3.9,43.7,0.9,1.5,59.3,1.8,3.7,5.5,1.7,1.3,0.7,0.5,2.8,21.1,1.0,0.0,-1.0,,,,,,,,,,,,,,,,,,,,,,,,,,
177,Peyton Watson,DEN,22,17,10,7,25.9,9.7,3.6,7.6,47.3,0.9,2.5,34.9,1.6,2.1,77.8,1.0,2.5,3.5,1.2,0.8,0.8,1.0,2.1,20.2,0.0,0.0,1.1,,,,,,,,,,,,,,,,,,,,,,,,,,
178,Jay Huff,MEM,27,20,13,7,15.4,9.6,3.4,6.2,54.0,1.7,3.9,44.2,1.2,1.7,72.7,0.6,1.9,2.5,0.9,0.6,0.3,1.5,1.4,18.5,0.0,0.0,0.3,,,,,,,,,,,,,,,,,,,,,,,,,,
179,Amir Coffey,LAC,27,21,12,9,24.1,9.6,3.3,7.0,46.6,1.5,3.6,41.3,1.5,1.8,84.2,0.6,1.9,2.4,1.2,0.6,0.6,0.0,1.5,15.7,0.0,0.0,3.0,,,,,,,,,,,,,,,,,,,,,,,,,,
179,Robert Williams III,POR,27,7,2,5,18.8,9.6,3.9,5.4,71.1,0.1,0.3,50.0,1.7,1.9,92.3,2.1,3.9,6.0,1.4,1.0,1.1,1.9,1.0,26.9,0.0,0.0,-3.7,,,,,,,,,,,,,,,,,,,,,,,,,,
181,Al Horford,BOS,38,15,12,3,27.7,9.5,3.5,7.3,47.7,2.2,5.1,42.9,0.4,0.4,100,0.9,4.2,5.1,2.4,0.9,0.8,0.9,1.5,23.4,1.0,0.0,5.7,,,,,,,,,,,,,,,,,,,,,,,,,,
182,Royce O'Neale,PHX,31,19,11,8,25.0,9.5,3.4,7.9,42.7,2.2,5.1,42.7,0.6,0.9,70.6,1.3,4.6,5.9,2.1,0.9,0.9,0.7,2.3,23.9,0.0,0.0,0.6,,,,,,,,,,,,,,,,,,,,,,,,,,
183,Jalen Wilson,BKN,24,19,8,11,24.4,9.5,3.2,6.9,46.2,1.4,3.8,37.5,1.6,1.9,86.1,1.2,2.4,3.6,1.7,0.9,0.3,0.1,2.1,16.4,0.0,0.0,-0.4,,,,,,,,,,,,,,,,,,,,,,,,,,
184,Marcus Smart,MEM,30,10,5,5,20.6,9.4,3.0,7.9,38.0,1.6,5.0,32.0,1.8,2.1,85.7,1.0,1.6,2.6,4.1,1.8,1.4,0.6,1.8,22.9,0.0,0.0,4.6,,,,,,,,,,,,,,,,,,,,,,,,,,
185,Aaron Wiggins,OKC,25,19,15,4,20.8,9.2,3.6,8.0,44.7,1.5,3.6,42.0,0.5,0.7,76.9,1.2,2.6,3.8,1.5,0.8,0.8,0.3,1.4,18.4,0.0,0.0,4.3,,,,,,,,,,,,,,,,,,,,,,,,,,
185,Nickeil Alexander-Walker,MIN,26,19,9,10,24.4,9.2,3.3,6.4,51.2,1.6,3.5,46.3,1.1,1.3,80.0,0.7,2.2,2.9,2.5,1.4,1.0,0.4,1.6,19.2,1.0,0.0,3.7,,,,,,,,,,,,,,,,,,,,,,,,,,
187,Aaron Nesmith,IND,25,6,2,4,22.7,9.2,3.2,6.0,52.8,1.0,1.8,54.5,1.8,2.2,84.6,0.7,3.3,4.0,1.0,0.8,0.7,0.3,4.0,17.6,0.0,0.0,-1.5,,,,,,,,,,,,,,,,,,,,,,,,,,
188,Isaiah Joe,OKC,25,17,14,3,22.8,9.1,3.2,8.1,39.1,2.4,6.5,36.4,0.4,0.6,70.0,0.6,2.2,2.9,1.5,0.5,0.8,0.2,1.9,17.6,0.0,0.0,7.5,,,,,,,,,,,,,,,,,,,,,,,,,,
189,Toumani Camara,POR,24,20,8,12,30.8,9.1,3.4,8.2,40.9,1.5,4.1,36.6,0.9,1.3,68.0,2.3,2.9,5.2,2.2,1.7,1.6,0.4,3.1,22.7,0.0,0.0,-4.9,,,,,,,,,,,,,,,,,,,,,,,,,,
190,Jae Crowder,SAC,34,2,1,1,24.0,9.0,2.5,5.0,50.0,1.5,4.0,37.5,2.5,3.0,83.3,1.0,2.0,3.0,0.0,1.0,1.0,0.0,3.0,14.6,0.0,0.0,3.5,,,,,,,,,,,,,,,,,,,,,,,,,,
190,Ziaire Williams,BKN,23,20,9,11,21.8,9.0,3.2,7.7,41.8,0.9,3.1,29.0,1.7,2.1,82.9,1.0,3.4,4.4,1.2,1.0,0.9,0.4,2.8,18.7,1.0,0.0,-2.9,,,,,,,,,,,,,,,,,,,,,,,,,,
192,Donte DiVincenzo,MIN,27,19,9,10,25.6,8.9,3.1,8.6,35.4,2.2,6.8,32.6,0.6,0.8,75.0,0.3,2.6,2.9,3.3,1.8,1.2,0.3,1.8,20.0,0.0,0.0,-0.2,,,,,,,,,,,,,,,,,,,,,,,,,,
192,Obi Toppin,IND,26,19,8,11,19.9,8.9,3.6,6.8,52.3,0.9,3.1,31.0,0.8,0.9,88.9,0.7,2.4,3.1,1.7,0.6,0.5,0.4,1.2,17.3,0.0,0.0,-5.3,,,,,,,,,,,,,,,,,,,,,,,,,,
194,Jusuf Nurkić,PHX,30,16,9,7,24.1,8.9,2.9,7.0,42.0,0.9,2.9,29.8,2.2,3.3,67.3,1.8,8.1,9.9,1.3,2.3,0.9,0.6,2.9,25.2,6.0,0.0,-2.0,,,,,,,,,,,,,,,,,,,,,,,,,,
195,Kevin Huerter,SAC,26,18,8,10,25.8,8.9,3.4,8.4,40.8,1.6,5.6,27.7,0.4,0.7,61.5,0.3,3.1,3.4,2.1,1.1,1.1,0.6,2.3,19.8,0.0,0.0,-3.7,,,,,,,,,,,,,,,,,,,,,,,,,,
196,Trendon Watford,BKN,24,7,4,3,17.5,8.9,3.3,7.1,46.0,0.6,2.4,23.5,1.7,2.0,85.7,0.3,2.9,3.1,1.6,1.6,0.4,0.6,2.4,16.4,0.0,0.0,-1.0,,,,,,,,,,,,,,,,,,,,,,,,,,
197,Jaime Jaquez Jr.,MIA,23,13,8,5,21.4,8.8,3.3,7.8,42.6,0.7,1.9,36.0,1.5,2.2,69.0,1.5,4.1,5.5,2.4,1.5,0.8,0.1,1.5,20.3,0.0,0.0,-0.2,,,,,,,,,,,,,,,,,,,,,,,,,,
198,Draymond Green,GSW,34,19,12,7,28.5,8.8,2.9,6.7,43.3,1.5,3.8,40.3,1.5,2.5,60.4,0.9,5.3,6.3,5.9,2.3,1.0,1.1,3.3,29.2,2.0,0.0,6.3,,,,,,,,,,,,,,,,,,,,,,,,,,
199,Kevin Porter Jr.,LAC,24,21,12,9,18.7,8.8,3.7,8.9,41.4,0.4,2.3,18.4,1.0,1.7,62.9,0.7,2.9,3.5,2.8,2.3,0.9,0.3,1.3,18.4,0.0,0.0,0.2,,,,,,,,,,,,,,,,,,,,,,,,,,
200,Jalen Duren,DET,21,20,8,12,24.0,8.8,3.6,5.1,69.6,0.0,0.0,0.0,1.7,3.0,57.6,3.1,6.5,9.6,2.5,1.9,0.3,1.3,3.0,26.8,8.0,0.0,-3.3,,,,,,,,,,,,,,,,,,,,,,,,,,
201,Carlton Carrington,WAS,19,18,2,16,27.7,8.8,3.2,7.9,40.1,1.4,3.9,35.2,1.1,1.3,79.2,0.2,3.7,3.9,4.4,1.9,1.2,0.3,2.9,22.6,1.0,0.0,-12.2,,,,,,,,,,,,,,,,,,,,,,,,,,
202,Dereck Lively II,DAL,20,16,11,5,22.6,8.8,3.6,5.1,70.7,0.0,0.0,0.0,1.5,2.4,63.2,2.6,4.5,7.1,2.3,0.9,0.6,1.6,3.0,26.4,3.0,0.0,5.5,,,,,,,,,,,,,,,,,,,,,,,,,,
203,Taurean Prince,MIL,30,19,10,9,28.8,8.7,3.1,6.2,50.0,2.1,3.8,54.2,0.5,0.6,81.8,0.7,3.9,4.6,1.8,1.2,0.9,0.2,2.3,19.1,1.0,0.0,-1.8,,,,,,,,,,,,,,,,,,,,,,,,,,
204,Jake LaRavia,MEM,23,20,13,7,23.8,8.7,3.1,6.2,50.4,1.0,2.3,41.3,1.6,2.2,70.5,1.5,3.4,4.9,3.9,1.4,0.8,0.8,2.3,23.6,1.0,0.0,6.4,,,,,,,,,,,,,,,,,,,,,,,,,,
205,Cody Martin,CHA,29,20,6,14,25.1,8.6,3.2,7.2,44.1,1.3,3.5,35.7,1.1,1.6,65.6,1.2,3.7,4.9,2.4,0.9,1.2,0.8,1.9,22.9,0.0,0.0,0.2,,,,,,,,,,,,,,,,,,,,,,,,,,
206,Julian Strawther,DEN,22,17,10,7,20.7,8.5,2.8,6.6,42.9,1.4,3.4,39.7,1.5,1.9,78.8,0.3,1.8,2.1,1.2,0.9,0.8,0.4,2.8,15.7,0.0,0.0,-6.2,,,,,,,,,,,,,,,,,,,,,,,,,,
207,Josh Okogie,PHX,26,10,3,7,15.8,8.5,3.1,5.8,53.4,1.0,1.9,52.6,1.3,2.0,65.0,1.4,2.1,3.5,0.6,0.9,0.9,0.1,1.2,15.7,0.0,0.0,-3.3,,,,,,,,,,,,,,,,,,,,,,,,,,
207,Nic Claxton,BKN,25,14,5,9,24.6,8.5,3.8,5.8,65.4,0.0,0.0,0.0,0.9,2.0,46.4,1.9,5.8,7.6,2.6,1.0,0.5,1.3,2.5,25.9,3.0,0.0,-0.3,,,,,,,,,,,,,,,,,,,,,,,,,,
209,Anthony Black,ORL,20,21,14,7,24.3,8.5,2.9,7.1,40.3,0.8,2.7,28.6,2.0,2.7,75.0,0.5,2.1,2.7,4.1,2.2,1.0,0.8,2.2,20.9,0.0,0.0,1.7,,,,,,,,,,,,,,,,,,,,,,,,,,
210,Mike Conley,MIN,37,15,9,6,26.0,8.5,2.5,7.5,33.0,1.9,5.2,35.9,1.7,1.9,89.3,0.5,2.4,2.9,4.6,1.4,1.7,0.2,1.7,23.3,1.0,0.0,2.3,,,,,,,,,,,,,,,,,,,,,,,,,,
211,Jaylen Nowell,NOP,25,8,1,7,21.0,8.4,3.3,9.1,35.6,1.0,3.4,29.6,0.9,1.4,63.6,0.8,1.8,2.5,2.3,1.0,0.1,0.5,1.1,15.6,0.0,0.0,-5.3,,,,,,,,,,,,,,,,,,,,,,,,,,
212,Cameron Payne,NYK,30,15,10,5,17.8,8.3,3.0,6.8,44.1,1.8,4.1,43.5,0.5,0.6,77.8,0.4,1.6,2.0,3.3,0.6,0.7,0.3,2.3,17.8,0.0,0.0,3.1,,,,,,,,,,,,,,,,,,,,,,,,,,
213,Kentavious Caldwell-Pope,ORL,31,20,13,7,29.8,8.3,2.8,7.0,40.0,1.4,4.6,29.7,1.3,1.4,96.3,0.5,1.8,2.2,2.0,0.7,1.5,0.6,2.0,19.3,0.0,0.0,4.6,,,,,,,,,,,,,,,,,,,,,,,,,,
213,Wendell Carter Jr.,ORL,25,8,5,3,25.3,8.3,2.9,6.0,47.9,0.4,2.5,15.0,2.1,2.8,77.3,1.8,6.3,8.0,2.4,0.9,1.1,0.5,2.3,25.4,1.0,0.0,9.4,,,,,,,,,,,,,,,,,,,,,,,,,,
215,Gary Trent Jr.,MIL,25,17,10,7,25.1,8.2,2.8,7.2,38.2,1.8,4.8,37.8,0.9,0.9,93.8,0.2,1.8,2.0,0.9,0.6,0.9,0.0,2.3,14.2,0.0,0.0,-1.9,,,,,,,,,,,,,,,,,,,,,,,,,,
216,Elfrid Payton,NOP,30,5,0,5,24.2,8.2,4.0,7.8,51.3,0.0,0.2,0.0,0.2,0.4,50.0,1.0,3.6,4.6,8.0,3.2,1.6,0.2,2.0,27.9,1.0,0.0,-1.2,,,,,,,,,,,,,,,,,,,,,,,,,,
217,AJ Green,MIL,25,18,10,8,20.1,8.2,2.7,5.6,49.0,2.4,5.1,47.8,0.3,0.3,83.3,0.2,1.8,2.0,0.9,0.5,0.6,0.1,1.8,13.2,0.0,0.0,2.5,,,,,,,,,,,,,,,,,,,,,,,,,,
217,Garrison Mathews,ATL,28,18,8,10,17.9,8.2,2.4,5.3,45.3,2.1,4.4,46.8,1.3,1.6,82.8,0.2,0.9,1.1,1.4,0.6,0.7,0.2,1.7,13.7,0.0,0.0,-2.3,,,,,,,,,,,,,,,,,,,,,,,,,,
219,Yves Missi,NOP,20,19,4,15,24.3,8.2,3.2,5.9,53.1,0.0,0.0,0.0,1.8,2.9,63.6,3.2,4.3,7.5,1.5,1.1,0.7,1.3,1.7,24.3,4.0,0.0,-7.4,,,,,,,,,,,,,,,,,,,,,,,,,,
220,Brice Sensabaugh,UTA,21,13,1,12,16.1,8.2,2.8,6.3,45.1,1.7,3.9,43.1,0.8,0.8,90.9,0.8,1.5,2.4,0.5,1.2,0.6,0.1,0.8,12.7,0.0,0.0,-6.4,,,,,,,,,,,,,,,,,,,,,,,,,,
221,Andre Drummond,PHI,31,17,4,13,20.3,8.1,3.2,6.2,52.4,0.1,0.4,16.7,1.5,2.8,55.3,2.9,5.3,8.2,0.6,1.7,1.3,0.5,2.5,22.3,3.0,0.0,-6.4,,,,,,,,,,,,,,,,,,,,,,,,,,
222,Georges Niang,CLE,31,20,17,3,20.0,8.1,3.1,7.3,42.8,1.6,4.9,32.7,0.3,0.4,71.4,0.6,3.0,3.6,1.2,1.0,0.4,0.2,2.3,15.0,0.0,0.0,4.7,,,,,,,,,,,,,,,,,,,,,,,,,,
223,Goga Bitadze,ORL,25,17,13,4,21.7,8.0,3.4,5.1,67.4,0.0,0.4,0.0,1.2,1.5,80.0,2.5,4.2,6.7,1.8,1.4,0.7,1.6,2.5,24.3,5.0,0.0,4.5,,,,,,,,,,,,,,,,,,,,,,,,,,
224,Trayce Jackson-Davis,GSW,24,19,12,7,16.8,7.9,3.6,5.9,60.2,0.0,0.1,0.0,0.8,1.4,57.7,1.6,3.5,5.1,2.1,0.8,0.3,0.7,1.3,19.2,1.0,0.0,0.9,,,,,,,,,,,,,,,,,,,,,,,,,,
225,Kyshawn George,WAS,20,18,2,16,27.0,7.9,2.8,8.2,34.0,1.3,5.3,25.3,1.1,1.4,73.1,0.7,3.3,4.0,2.7,1.1,0.7,0.7,3.3,19.9,0.0,0.0,-6.1,,,,,,,,,,,,,,,,,,,,,,,,,,
226,Larry Nance Jr.,ATL,31,9,3,6,15.6,7.9,3.1,4.8,65.1,1.6,2.4,63.6,0.1,0.2,50.0,1.1,1.3,2.4,1.2,0.4,0.8,0.3,1.2,15.5,0.0,0.0,-3.0,,,,,,,,,,,,,,,,,,,,,,,,,,
227,Quentin Grimes,DAL,24,18,11,7,19.6,7.8,2.8,5.9,47.2,1.4,3.4,41.0,0.9,1.5,59.3,0.7,2.9,3.6,1.4,0.8,0.5,0.2,1.7,15.6,0.0,0.0,6.3,,,,,,,,,,,,,,,,,,,,,,,,,,
228,Tristan da Silva,ORL,23,17,12,5,24.3,7.8,2.9,7.2,41.0,1.3,3.6,35.5,0.6,0.8,78.6,0.8,2.9,3.7,1.7,0.4,0.4,0.2,1.5,16.2,0.0,0.0,1.5,,,,,,,,,,,,,,,,,,,,,,,,,,
229,Jeremiah Robinson-Earl,NOP,24,20,4,16,21.1,7.8,2.9,6.4,45.3,0.9,2.7,33.3,1.1,1.3,88.0,2.3,3.1,5.4,1.2,0.9,0.7,0.1,1.4,17.5,2.0,0.0,-5.7,,,,,,,,,,,,,,,,,,,,,,,,,,
230,Moses Moody,GSW,22,19,12,7,15.9,7.7,2.7,6.1,44.3,1.4,3.5,38.8,1.0,1.4,73.1,0.5,1.5,2.0,0.9,0.9,0.3,0.3,1.2,12.4,0.0,0.0,-0.8,,,,,,,,,,,,,,,,,,,,,,,,,,
231,Brandin Podziemski,GSW,21,18,11,7,24.2,7.7,3.0,7.9,37.8,0.8,3.6,21.5,0.9,1.3,73.9,1.1,3.6,4.7,3.5,1.2,0.7,0.4,1.8,20.7,0.0,0.0,2.8,,,,,,,,,,,,,,,,,,,,,,,,,,
232,Nikola Jović,MIA,21,14,7,7,18.2,7.7,2.8,6.2,44.8,1.0,3.1,31.8,1.1,1.4,80.0,0.6,3.1,3.7,1.3,0.6,0.9,0.1,1.4,16.5,0.0,0.0,-1.1,,,,,,,,,,,,,,,,,,,,,,,,,,
233,Jalen Smith,CHI,24,18,7,11,14.4,7.7,2.7,6.0,45.4,1.2,3.4,36.1,1.0,1.4,72.0,1.3,3.8,5.2,0.8,0.6,0.4,0.6,1.6,17.4,0.0,0.0,-0.6,,,,,,,,,,,,,,,,,,,,,,,,,,
233,Quenton Jackson,IND,26,12,5,7,18.5,7.7,3.0,5.8,52.2,0.8,1.8,40.9,0.9,1.3,73.3,0.8,1.3,2.1,2.3,0.8,0.7,0.4,1.8,16.2,0.0,0.0,-0.8,,,,,,,,,,,,,,,,,,,,,,,,,,
235,Josh Green,CHA,24,18,5,13,26.5,7.5,2.7,6.1,45.0,1.6,3.3,49.2,0.4,0.7,61.5,0.9,1.6,2.4,1.6,0.8,0.7,0.3,2.8,15.1,0.0,0.0,-5.1,,,,,,,,,,,,,,,,,,,,,,,,,,
235,Micah Potter,UTA,26,2,0,2,22.4,7.5,2.5,5.5,45.5,2.5,4.5,55.6,0.0,0.0,0.0,4.5,5.0,9.5,1.5,2.0,0.5,0.5,1.5,22.2,0.0,0.0,9.5,,,,,,,,,,,,,,,,,,,,,,,,,,
235,Sam Hauser,BOS,26,16,13,3,21.4,7.5,2.8,6.8,40.4,1.9,5.7,34.1,0.1,0.1,100,0.8,2.7,3.4,1.1,0.4,0.7,0.3,1.0,15.8,0.0,0.0,5.4,,,,,,,,,,,,,,,,,,,,,,,,,,
238,Noah Clowney,BKN,20,15,6,9,16.5,7.5,2.5,6.3,39.4,1.5,4.1,37.7,1.0,1.4,71.4,0.9,2.2,3.1,0.7,0.7,0.3,0.6,2.4,14.3,0.0,0.0,-3.9,,,,,,,,,,,,,,,,,,,,,,,,,,
239,Luke Kennard,MEM,28,12,9,3,21.4,7.3,2.4,5.6,43.3,1.7,4.1,40.8,0.8,1.1,76.9,0.6,1.9,2.5,3.3,0.8,0.6,0.2,0.8,16.8,0.0,0.0,6.2,,,,,,,,,,,,,,,,,,,,,,,,,,
240,Andrew Nembhard,IND,24,7,4,3,26.7,7.3,2.9,7.4,38.5,0.4,1.9,23.1,1.1,1.4,80.0,0.1,1.9,2.0,4.7,1.4,0.9,0.0,2.1,17.9,0.0,0.0,0.6,,,,,,,,,,,,,,,,,,,,,,,,,,
240,Kyle Filipowski,UTA,21,14,3,11,19.0,7.3,2.8,5.4,51.3,0.6,2.1,30.0,1.1,2.1,51.7,0.9,3.8,4.7,2.1,1.0,0.6,0.1,1.6,17.3,0.0,0.0,-5.4,,,,,,,,,,,,,,,,,,,,,,,,,,
242,Malaki Branham,SAS,21,16,8,8,13.4,7.2,2.6,5.6,46.1,1.0,2.4,42.1,1.1,1.3,85.0,0.2,1.6,1.8,1.3,1.3,0.4,0.1,0.7,11.5,0.0,0.0,-2.5,,,,,,,,,,,,,,,,,,,,,,,,,,
243,Tyrese Martin,BKN,25,7,3,4,13.0,7.1,2.4,4.4,54.8,2.0,3.6,56.0,0.3,0.4,66.7,0.3,1.7,2.0,0.9,0.6,0.1,0.1,1.3,11.1,0.0,0.0,-1.9,,,,,,,,,,,,,,,,,,,,,,,,,,
244,Talen Horton-Tucker,CHI,24,15,2,13,10.5,7.1,2.5,4.3,58.5,0.9,1.7,53.8,1.1,1.6,70.8,0.5,1.3,1.7,1.5,0.4,0.1,0.2,0.7,11.8,0.0,0.0,1.3,,,,,,,,,,,,,,,,,,,,,,,,,,
245,Davion Mitchell,TOR,26,20,5,15,27.8,7.1,2.7,6.8,40.0,0.9,3.2,28.6,0.8,1.2,66.7,0.5,1.8,2.3,5.5,2.2,0.9,0.2,2.8,19.1,1.0,0.0,-1.4,,,,,,,,,,,,,,,,,,,,,,,,,,
246,Keon Ellis,SAC,24,19,9,10,21.9,7.1,2.3,4.7,47.8,1.5,3.4,43.8,1.1,1.3,80.0,0.8,1.2,2.1,1.0,0.9,1.1,0.9,2.0,16.1,0.0,0.0,0.7,,,,,,,,,,,,,,,,,,,,,,,,,,
247,Isaiah Jackson,IND,22,5,1,4,16.8,7.0,2.8,4.6,60.9,0.0,0.0,0.0,1.4,2.8,50.0,2.2,3.4,5.6,1.0,1.0,0.6,1.6,2.8,20.8,0.0,0.0,2.0,,,,,,,,,,,,,,,,,,,,,,,,,,
247,JT Thor,CLE,22,2,2,0,7.2,7.0,2.5,2.5,100,1.0,1.0,100,1.0,1.0,100,0.0,1.0,1.0,0.0,1.0,1.0,1.0,1.0,13.2,0.0,0.0,-1.0,,,,,,,,,,,,,,,,,,,,,,,,,,
249,Kris Dunn,LAC,30,21,12,9,22.7,6.8,2.8,6.0,46.0,1.0,3.0,34.9,0.2,0.5,50.0,0.8,3.1,3.9,2.8,1.1,1.4,0.2,2.7,19.4,0.0,0.0,5.3,,,,,,,,,,,,,,,,,,,,,,,,,,
250,Jordan Miller,LAC,24,10,5,5,13.3,6.8,2.4,5.4,44.4,0.4,1.4,28.6,1.6,2.1,76.2,0.8,1.1,1.9,1.0,1.1,0.5,0.1,1.1,11.3,0.0,0.0,-1.9,,,,,,,,,,,,,,,,,,,,,,,,,,
251,Herbert Jones,NOP,26,4,2,2,28.3,6.8,3.0,6.3,48.0,0.5,2.8,18.2,0.3,0.5,50.0,1.0,1.5,2.5,1.0,1.3,1.8,0.3,2.3,16.0,0.0,0.0,-4.0,,,,,,,,,,,,,,,,,,,,,,,,,,
251,Kevin Love,MIA,36,8,5,3,12.6,6.8,2.4,6.5,36.5,1.6,3.9,41.9,0.4,0.6,60.0,0.9,4.8,5.6,1.0,0.8,1.5,0.1,0.5,19.1,0.0,0.0,4.3,,,,,,,,,,,,,,,,,,,,,,,,,,
251,Sam Merrill,CLE,28,16,13,3,19.5,6.8,2.3,5.7,39.6,1.8,5.0,36.3,0.4,0.5,87.5,0.3,1.4,1.7,1.5,0.4,0.5,0.2,1.9,12.7,0.0,0.0,3.1,,,,,,,,,,,,,,,,,,,,,,,,,,
254,Brandon Clarke,MEM,28,19,13,6,17.5,6.7,3.0,5.3,57.0,0.1,0.8,6.3,0.6,1.0,63.2,1.5,3.2,4.7,0.8,0.4,0.8,0.3,1.9,16.4,0.0,0.0,5.7,,,,,,,,,,,,,,,,,,,,,,,,,,
254,Zach Collins,SAS,27,19,10,9,15.0,6.7,2.3,4.6,50.0,0.6,1.6,35.5,1.5,1.6,90.3,1.2,2.5,3.6,1.8,0.9,0.5,0.5,2.3,15.9,0.0,0.0,-3.2,,,,,,,,,,,,,,,,,,,,,,,,,,
256,Spencer Dinwiddie,DAL,31,18,11,7,20.2,6.7,2.1,5.4,37.8,1.2,3.4,33.9,1.4,1.7,83.3,0.2,1.5,1.7,3.1,0.6,0.6,0.2,1.6,15.1,0.0,0.0,0.9,,,,,,,,,,,,,,,,,,,,,,,,,,
257,Haywood Highsmith,MIA,27,15,8,7,24.3,6.6,2.5,5.1,48.7,1.1,2.7,39.0,0.6,0.9,69.2,0.7,2.1,2.9,0.9,0.5,1.3,0.7,2.1,17.1,0.0,0.0,-0.9,,,,,,,,,,,,,,,,,,,,,,,,,,
257,Javonte Green,NOP,31,20,4,16,24.3,6.6,2.3,5.3,42.9,0.8,2.4,34.0,1.3,1.5,86.7,0.9,2.5,3.4,0.9,0.5,1.1,0.6,1.3,16.6,0.0,0.0,-7.6,,,,,,,,,,,,,,,,,,,,,,,,,,
259,Simone Fontecchio,DET,28,20,8,12,18.7,6.6,2.1,5.4,39.3,1.3,3.7,34.2,1.1,1.4,78.6,0.5,2.7,3.2,0.9,0.8,0.3,0.2,1.5,12.3,0.0,0.0,-0.7,,,,,,,,,,,,,,,,,,,,,,,,,,
260,Jonathan Isaac,ORL,27,18,12,6,17.8,6.4,2.3,5.6,41.0,0.8,2.9,28.3,1.1,1.6,67.9,1.8,3.4,5.2,0.3,0.4,0.9,1.4,1.4,19.7,0.0,0.0,0.2,,,,,,,,,,,,,,,,,,,,,,,,,,
261,Neemias Queta,BOS,25,17,14,3,18.5,6.4,2.7,4.2,63.9,0.0,0.1,0.0,1.0,1.3,77.3,1.9,3.2,5.2,0.8,0.7,0.2,0.9,2.0,16.7,0.0,0.0,5.1,,,,,,,,,,,,,,,,,,,,,,,,,,
262,Jaxson Hayes,LAL,24,11,6,5,17.4,6.4,2.4,3.3,72.2,0.0,0.0,0.0,1.6,2.1,78.3,1.9,2.6,4.5,0.8,0.7,0.4,0.8,2.5,15.9,0.0,0.0,-1.0,,,,,,,,,,,,,,,,,,,,,,,,,,
263,Marcus Sasser,DET,24,14,5,9,13.3,6.4,2.6,4.7,54.5,0.8,1.9,42.3,0.4,0.4,100,0.4,0.7,1.1,1.6,0.7,0.7,0.1,0.8,11.9,0.0,0.0,-1.2,,,,,,,,,,,,,,,,,,,,,,,,,,
264,Isaiah Stewart,DET,23,22,9,13,21.8,6.3,2.5,4.5,55.1,0.2,0.9,21.1,1.2,1.4,87.1,2.5,3.9,6.4,1.9,1.1,0.5,1.5,2.9,21.5,2.0,0.0,0.0,,,,,,,,,,,,,,,,,,,,,,,,,,
265,Jamison Battle,TOR,23,19,5,14,14.0,6.3,2.2,4.7,47.2,1.4,3.4,41.5,0.5,0.6,81.8,0.6,1.4,2.1,0.9,0.3,0.2,0.2,1.3,11.0,0.0,0.0,-1.5,,,,,,,,,,,,,,,,,,,,,,,,,,
266,Jaden Hardy,DAL,22,19,12,7,15.1,6.2,2.2,6.1,36.5,0.7,2.6,26.0,1.1,1.3,87.5,0.2,1.2,1.4,1.4,1.5,0.7,0.1,1.5,10.6,0.0,0.0,0.2,,,,,,,,,,,,,,,,,,,,,,,,,,
267,Ryan Dunn,PHX,21,18,10,8,18.2,6.2,2.4,5.9,41.1,1.2,3.9,31.4,0.1,0.3,16.7,0.7,1.9,2.6,0.8,0.6,0.5,0.6,2.6,13.2,0.0,0.0,-2.2,,,,,,,,,,,,,,,,,,,,,,,,,,
268,Cason Wallace,OKC,21,19,15,4,25.8,6.2,2.6,6.4,41.3,0.7,2.8,25.9,0.2,0.2,100,1.1,2.2,3.3,2.1,0.4,1.7,0.7,2.0,19.9,0.0,0.0,4.7,,,,,,,,,,,,,,,,,,,,,,,,,,
269,Kyle Lowry,PHI,38,13,2,11,24.2,6.2,1.8,4.8,38.1,1.3,3.7,35.4,1.2,1.5,78.9,0.5,1.8,2.2,3.4,0.8,1.2,0.4,1.8,17.9,0.0,0.0,-7.7,,,,,,,,,,,,,,,,,,,,,,,,,,
270,Isaac Okoro,CLE,23,18,16,2,20.7,6.0,2.2,4.6,47.6,1.1,2.5,44.4,0.6,0.9,62.5,0.9,1.4,2.3,1.7,0.3,0.8,0.3,1.9,14.4,0.0,0.0,3.3,,,,,,,,,,,,,,,,,,,,,,,,,,
270,James Wiseman,IND,23,1,1,0,4.6,6.0,2.0,4.0,50.0,0.0,1.0,0.0,2.0,2.0,100,0.0,1.0,1.0,0.0,0.0,0.0,0.0,0.0,7.2,0.0,0.0,-4.0,,,,,,,,,,,,,,,,,,,,,,,,,,
270,Pelle Larsson,MIA,23,12,6,6,16.3,6.0,2.3,4.2,54.0,0.7,1.8,36.4,0.8,1.5,55.6,0.7,1.0,1.7,1.3,0.5,0.5,0.0,2.3,10.9,0.0,0.0,2.0,,,,,,,,,,,,,,,,,,,,,,,,,,
273,Terance Mann,LAC,28,21,12,9,21.2,5.9,2.3,5.6,41.0,0.6,2.0,30.2,0.7,1.0,68.2,1.0,2.2,3.2,1.9,0.5,1.0,0.2,2.1,15.8,0.0,0.0,-2.5,,,,,,,,,,,,,,,,,,,,,,,,,,
274,Alec Burks,MIA,33,10,7,3,16.7,5.9,2.0,4.3,46.5,1.4,3.0,46.7,0.5,0.6,83.3,0.4,1.8,2.2,1.5,0.2,0.4,0.3,0.5,12.7,0.0,0.0,4.7,,,,,,,,,,,,,,,,,,,,,,,,,,
275,Lindy Waters III,GSW,27,17,10,7,17.1,5.9,2.2,5.3,41.1,1.3,3.6,35.5,0.2,0.3,80.0,0.5,1.9,2.4,1.3,0.2,0.5,0.3,1.6,13.0,0.0,0.0,2.2,,,,,,,,,,,,,,,,,,,,,,,,,,
276,Cam Whitmore,HOU,20,8,5,3,9.9,5.9,2.3,6.0,37.5,0.1,2.6,4.8,1.3,2.0,62.5,0.5,0.9,1.4,0.5,0.4,0.1,0.1,1.1,8.7,0.0,0.0,-1.6,,,,,,,,,,,,,,,,,,,,,,,,,,
277,Donovan Clingan,POR,20,17,7,10,17.0,5.8,2.4,4.5,52.6,0.2,0.5,33.3,0.9,1.3,72.7,3.2,3.5,6.7,0.3,1.0,0.5,2.2,2.9,21.4,1.0,0.0,-2.7,,,,,,,,,,,,,,,,,,,,,,,,,,
278,Ben Simmons,BKN,28,15,7,8,25.0,5.8,2.8,4.7,60.0,0.0,0.0,0.0,0.2,0.4,50.0,1.1,4.9,6.0,6.7,2.7,0.8,0.5,2.8,24.3,0.0,0.0,-2.3,,,,,,,,,,,,,,,,,,,,,,,,,,
279,Ben Sheppard,IND,23,13,6,7,20.9,5.8,2.2,5.1,42.4,1.5,3.6,40.4,0.0,0.0,0.0,0.4,1.8,2.2,1.3,0.4,0.4,0.3,2.5,12.1,0.0,0.0,-2.2,,,,,,,,,,,,,,,,,,,,,,,,,,
279,David Roddy,ATL,23,13,5,8,15.4,5.8,2.1,3.6,57.4,0.8,1.8,43.5,0.8,1.0,84.6,0.3,2.7,3.0,1.5,1.0,0.5,0.2,0.8,12.4,0.0,0.0,-4.1,,,,,,,,,,,,,,,,,,,,,,,,,,
281,Ronald Holland II,DET,19,22,9,13,15.9,5.7,2.2,5.3,41.9,0.3,2.1,15.2,1.0,1.2,80.8,0.6,2.5,3.2,0.5,0.9,0.5,0.1,1.6,11.2,0.0,0.0,-1.5,,,,,,,,,,,,,,,,,,,,,,,,,,
282,Mo Bamba,LAC,26,7,6,1,14.4,5.7,2.3,5.4,42.1,0.4,2.4,17.6,0.7,1.0,71.4,0.9,3.4,4.3,1.0,0.7,0.6,1.0,2.4,16.4,0.0,0.0,-2.0,,,,,,,,,,,,,,,,,,,,,,,,,,
283,Antonio Reeves,NOP,22,11,1,10,10.0,5.6,2.2,5.0,43.6,0.7,2.5,28.6,0.5,0.6,85.7,0.3,1.0,1.3,0.5,0.3,0.3,0.0,0.4,8.4,0.0,0.0,-4.4,,,,,,,,,,,,,,,,,,,,,,,,,,
284,Vasilije Micić,CHA,30,9,1,8,17.8,5.6,2.1,6.8,31.1,0.9,3.0,29.6,0.4,0.7,66.7,0.9,2.1,3.0,2.2,1.3,0.4,0.0,1.1,12.5,0.0,0.0,-3.3,,,,,,,,,,,,,,,,,,,,,,,,,,
285,Kevon Looney,GSW,28,17,11,6,14.9,5.5,2.3,4.4,52.7,0.0,0.0,0.0,0.9,1.9,48.5,3.6,4.0,7.6,1.4,0.7,0.8,0.2,2.5,19.3,1.0,0.0,2.4,,,,,,,,,,,,,,,,,,,,,,,,,,
286,Ajay Mitchell,OKC,22,19,15,4,16.4,5.5,2.2,4.6,47.7,0.6,1.4,42.3,0.5,0.7,76.9,0.4,1.2,1.5,1.6,0.8,0.9,0.1,1.6,11.9,0.0,0.0,3.6,,,,,,,,,,,,,,,,,,,,,,,,,,
287,Ausar Thompson,DET,21,4,2,2,15.5,5.5,2.0,5.8,34.8,0.8,2.3,33.3,0.8,1.8,42.9,1.0,1.5,2.5,3.3,1.5,0.5,0.5,2.3,14.9,0.0,0.0,-2.0,,,,,,,,,,,,,,,,,,,,,,,,,,
288,Dean Wade,CLE,28,13,13,0,22.0,5.5,1.8,4.7,39.3,1.4,3.9,35.3,0.4,0.9,41.7,0.6,3.5,4.2,1.5,0.3,1.0,0.4,1.7,16.6,0.0,0.0,6.2,,,,,,,,,,,,,,,,,,,,,,,,,,
289,Jarace Walker,IND,21,20,9,11,17.4,5.5,1.9,4.6,41.8,1.0,2.5,38.0,0.7,1.2,60.9,0.6,2.9,3.4,1.6,1.5,1.4,0.4,1.6,15.5,0.0,0.0,-3.1,,,,,,,,,,,,,,,,,,,,,,,,,,
290,Trey Lyles,SAC,29,18,8,10,19.6,5.4,1.8,5.1,36.3,1.2,3.7,33.3,0.6,0.8,71.4,0.8,3.1,3.9,0.9,0.6,0.6,0.6,1.4,14.5,1.0,0.0,0.2,,,,,,,,,,,,,,,,,,,,,,,,,,
291,KJ Martin,PHI,23,15,3,12,17.2,5.3,1.9,3.1,63.0,0.2,0.5,42.9,1.3,1.5,82.6,0.7,1.9,2.6,0.9,0.3,0.3,0.9,2.4,13.0,0.0,0.0,-0.2,,,,,,,,,,,,,,,,,,,,,,,,,,
291,Vince Williams Jr.,MEM,24,3,1,2,14.9,5.3,2.3,6.3,36.8,0.3,2.7,12.5,0.3,1.3,25.0,1.3,2.3,3.7,3.0,2.3,0.0,0.7,3.0,13.9,0.0,0.0,4.7,,,,,,,,,,,,,,,,,,,,,,,,,,
293,Kobe Bufkin,ATL,21,7,4,3,13.5,5.3,1.6,5.0,31.4,0.6,2.6,22.2,1.6,2.1,73.3,0.4,1.9,2.3,2.0,0.7,0.4,0.3,1.0,12.5,0.0,0.0,-1.9,,,,,,,,,,,,,,,,,,,,,,,,,,
293,Pat Connaughton,MIL,31,14,5,9,17.9,5.3,1.9,5.0,37.1,0.9,3.1,29.5,0.6,0.9,75.0,0.6,2.6,3.2,1.8,0.7,0.2,0.3,1.3,12.6,0.0,0.0,0.0,,,,,,,,,,,,,,,,,,,,,,,,,,
295,Keon Johnson,BKN,22,18,9,9,14.8,5.3,1.9,5.3,36.5,1.1,3.4,31.1,0.3,0.5,66.7,0.6,2.2,2.8,0.9,0.9,0.3,0.3,1.9,11.0,0.0,0.0,-3.4,,,,,,,,,,,,,,,,,,,,,,,,,,
296,KJ Simpson,CHA,22,4,0,4,11.4,5.3,2.0,5.0,40.0,0.8,3.3,23.1,0.5,0.5,100,1.0,0.5,1.5,1.0,1.3,0.8,0.3,1.3,10.3,0.0,0.0,-3.3,,,,,,,,,,,,,,,,,,,,,,,,,,
297,Monté Morris,PHX,29,14,8,6,11.3,5.2,1.8,3.9,46.3,0.8,1.9,42.3,0.9,1.0,85.7,0.2,1.1,1.3,1.4,0.4,0.4,0.2,0.4,10.4,0.0,0.0,0.5,,,,,,,,,,,,,,,,,,,,,,,,,,
298,Jonathan Mogbo,TOR,23,20,5,15,15.7,5.2,1.9,3.9,48.7,0.2,0.6,33.3,1.2,1.7,72.7,2.3,1.9,4.2,1.5,0.8,0.8,0.4,2.0,15.2,0.0,0.0,-1.5,,,,,,,,,,,,,,,,,,,,,,,,,,
298,Wendell Moore Jr.,DET,23,10,3,7,15.8,5.2,1.9,3.4,55.9,0.3,0.9,33.3,1.1,1.2,91.7,0.9,2.6,3.5,1.2,0.8,0.6,0.3,1.2,13.1,0.0,0.0,-1.4,,,,,,,,,,,,,,,,,,,,,,,,,,
300,Torrey Craig,CHI,33,6,1,5,11.1,5.2,1.8,3.7,50.0,1.2,3.0,38.9,0.3,0.3,100,0.5,1.7,2.2,0.5,0.0,0.2,0.2,1.7,9.5,0.0,0.0,-5.0,,,,,,,,,,,,,,,,,,,,,,,,,,
301,Johnny Juzang,UTA,23,15,4,11,15.8,5.1,1.7,4.7,35.2,1.1,3.5,32.7,0.7,0.7,100,0.6,1.7,2.3,0.9,0.5,0.4,0.3,1.9,10.8,0.0,0.0,-1.9,,,,,,,,,,,,,,,,,,,,,,,,,,
302,Kyle Anderson,GSW,31,18,11,7,15.0,5.1,2.0,5.1,39.6,0.5,1.8,27.3,0.6,1.0,61.1,0.6,2.5,3.1,2.4,0.6,0.9,0.5,1.1,16.3,0.0,0.0,-0.3,,,,,,,,,,,,,,,,,,,,,,,,,,
303,Max Christie,LAL,21,18,10,8,17.1,5.1,1.7,3.8,44.1,0.5,1.7,29.0,1.2,1.4,88.0,0.4,1.2,1.7,0.9,0.6,0.7,0.4,1.3,11.4,0.0,0.0,-3.3,,,,,,,,,,,,,,,,,,,,,,,,,,
304,Alex Caruso,OKC,30,13,10,3,19.7,5.0,2.0,5.6,35.6,0.6,3.0,20.5,0.4,0.5,71.4,0.7,2.2,2.9,2.2,0.7,1.8,0.7,2.6,18.7,0.0,0.0,3.4,,,,,,,,,,,,,,,,,,,,,,,,,,
304,Alondes Williams,DET,25,1,0,1,3.7,5.0,2.0,2.0,100,1.0,1.0,100,0.0,0.0,0.0,0.0,0.0,0.0,1.0,0.0,0.0,0.0,0.0,6.5,0.0,0.0,6.0,,,,,,,,,,,,,,,,,,,,,,,,,,
304,Ja'Kobe Walter,TOR,20,6,2,4,17.0,5.0,2.0,6.3,31.6,0.5,3.0,16.7,0.5,1.0,50.0,1.0,3.2,4.2,1.7,0.7,0.5,0.3,1.7,14.3,1.0,0.0,6.3,,,,,,,,,,,,,,,,,,,,,,,,,,
304,Kenrich Williams,OKC,29,9,7,2,12.7,5.0,1.9,3.8,50.0,0.6,2.0,27.8,0.7,0.7,100,0.3,2.3,2.7,1.0,0.2,0.6,0.4,1.7,12.5,0.0,0.0,2.7,,,,,,,,,,,,,,,,,,,,,,,,,,
308,Shake Milton,BKN,28,16,7,9,14.3,4.9,1.8,3.6,49.1,0.8,1.9,43.3,0.6,0.8,75.0,0.4,0.8,1.1,2.0,0.4,0.3,0.0,0.9,9.7,0.0,0.0,-2.9,,,,,,,,,,,,,,,,,,,,,,,,,,
309,Sandro Mamukelashvili,SAS,25,15,7,8,9.1,4.9,1.7,3.1,56.5,0.9,2.1,45.2,0.5,0.5,100,0.5,2.3,2.9,0.3,0.6,0.2,0.3,0.6,9.8,0.0,0.0,1.7,,,,,,,,,,,,,,,,,,,,,,,,,,
310,Bones Hyland,LAC,24,7,3,4,6.6,4.9,1.4,4.1,34.5,1.0,2.6,38.9,1.0,1.1,87.5,0.3,0.4,0.7,0.3,0.7,0.7,0.3,1.0,8.4,0.0,0.0,-3.6,,,,,,,,,,,,,,,,,,,,,,,,,,
311,Moses Brown,IND,25,6,3,3,6.6,4.8,2.2,3.3,65.0,0.0,0.0,0.0,0.5,0.8,60.0,0.7,1.5,2.2,0.0,0.8,0.3,0.2,1.0,8.1,0.0,0.0,-0.7,,,,,,,,,,,,,,,,,,,,,,,,,,
312,Eric Gordon,PHI,35,16,4,12,16.5,4.8,1.6,4.8,32.5,0.6,2.6,23.8,1.1,1.4,77.3,0.2,0.8,0.9,1.3,0.8,0.6,0.3,0.8,9.9,0.0,0.0,-1.0,,,,,,,,,,,,,,,,,,,,,,,,,,
313,Jamal Shead,TOR,22,20,5,15,15.0,4.8,1.9,5.1,37.6,0.6,1.9,28.9,0.5,0.6,75.0,0.1,0.9,1.0,3.2,1.4,0.5,0.1,2.0,11.1,0.0,0.0,-3.9,,,,,,,,,,,,,,,,,,,,,,,,,,
313,Paul Reed,DET,25,10,2,8,10.3,4.8,1.8,3.2,56.3,0.3,0.8,37.5,0.9,1.1,81.8,0.7,1.5,2.2,0.5,0.8,0.7,0.5,1.9,11.0,0.0,0.0,-1.2,,,,,,,,,,,,,,,,,,,,,,,,,,
315,Tidjane Salaün,CHA,19,18,5,13,19.4,4.8,1.6,5.0,31.1,1.0,3.4,29.0,0.7,0.9,70.6,0.8,3.1,3.9,1.1,0.8,0.5,0.2,1.4,12.2,0.0,0.0,-4.3,,,,,,,,,,,,,,,,,,,,,,,,,,
316,Jamal Cain,NOP,25,12,2,10,15.2,4.7,1.6,3.7,43.2,0.8,2.0,37.5,0.8,1.2,64.3,0.9,2.0,2.9,0.8,0.6,0.4,0.4,1.5,11.2,0.0,0.0,-7.0,,,,,,,,,,,,,,,,,,,,,,,,,,
316,Keaton Wallace,ATL,25,12,4,8,16.2,4.7,1.8,4.6,40.0,0.7,2.2,30.8,0.3,0.3,100,0.2,1.3,1.5,1.8,1.0,0.8,0.5,1.1,12.2,0.0,0.0,-1.9,,,,,,,,,,,,,,,,,,,,,,,,,,
316,Taylor Hendricks,UTA,21,3,0,3,24.8,4.7,1.3,6.0,22.2,1.0,4.0,25.0,1.0,1.3,75.0,1.7,3.3,5.0,0.7,0.7,1.7,1.3,2.7,20.0,0.0,0.0,-7.3,,,,,,,,,,,,,,,,,,,,,,,,,,
319,Kris Murray,POR,24,17,7,10,13.7,4.6,1.8,4.1,44.9,0.6,1.9,31.3,0.4,1.1,36.8,1.1,1.4,2.5,0.7,0.6,0.5,0.2,1.1,10.1,0.0,0.0,-3.0,,,,,,,,,,,,,,,,,,,,,,,,,,
320,Cole Anthony,ORL,24,19,14,5,10.0,4.6,1.5,4.0,38.2,0.5,1.8,29.4,1.1,1.5,69.0,0.3,1.7,2.1,1.6,1.1,0.5,0.1,1.3,10.1,0.0,0.0,1.1,,,,,,,,,,,,,,,,,,,,,,,,,,
321,Mason Plumlee,PHX,34,18,11,7,16.8,4.6,1.8,3.2,56.1,0.0,0.0,0.0,1.0,1.8,56.3,1.5,4.1,5.6,1.7,0.9,0.3,0.4,1.9,15.0,1.0,0.0,0.9,,,,,,,,,,,,,,,,,,,,,,,,,,
322,Oso Ighodaro,PHX,22,14,6,8,16.3,4.5,1.9,3.1,62.8,0.0,0.0,0.0,0.6,0.8,81.8,1.1,3.0,4.1,0.8,0.7,0.4,0.4,1.9,12.3,0.0,0.0,1.6,,,,,,,,,,,,,,,,,,,,,,,,,,
323,Reggie Jackson,PHI,34,9,1,8,12.5,4.4,1.7,4.1,40.5,1.1,2.7,41.7,0.0,0.0,0.0,0.1,0.8,0.9,2.1,0.7,0.7,0.3,0.9,11.0,0.0,0.0,-1.6,,,,,,,,,,,,,,,,,,,,,,,,,,
324,Luke Kornet,BOS,29,14,11,3,17.2,4.4,1.6,2.5,65.7,0.0,0.0,0.0,1.1,1.3,88.9,2.0,2.1,4.1,1.6,0.4,0.6,0.7,1.4,15.2,0.0,0.0,3.7,,,,,,,,,,,,,,,,,,,,,,,,,,
325,Julian Phillips,CHI,21,20,8,12,13.7,4.4,1.6,3.7,41.9,0.7,2.3,31.1,0.6,1.0,63.2,0.8,1.3,2.1,0.4,0.5,0.7,0.2,1.5,9.6,0.0,0.0,-1.1,,,,,,,,,,,,,,,,,,,,,,,,,,
325,Lonzo Ball,CHI,27,5,1,4,16.7,4.4,1.6,4.2,38.1,1.2,3.6,33.3,0.0,0.0,0.0,0.2,2.2,2.4,3.8,1.0,1.2,0.6,1.0,17.4,0.0,0.0,2.8,,,,,,,,,,,,,,,,,,,,,,,,,,
327,Blake Wesley,SAS,21,17,9,8,11.7,4.4,1.7,3.9,43.9,0.2,1.2,20.0,0.7,1.0,70.6,0.3,0.6,0.9,1.6,1.1,0.5,0.1,0.6,8.3,0.0,0.0,0.6,,,,,,,,,,,,,,,,,,,,,,,,,,
328,Svi Mykhailiuk,UTA,27,3,0,3,12.3,4.3,1.3,4.3,30.8,1.0,3.7,27.3,0.7,0.7,100,0.0,0.3,0.3,1.0,1.3,0.7,0.0,0.7,6.9,0.0,0.0,-3.3,,,,,,,,,,,,,,,,,,,,,,,,,,
329,Gary Payton II,GSW,32,19,12,7,12.1,4.3,1.9,3.4,56.9,0.2,0.9,17.6,0.3,0.4,62.5,0.9,1.3,2.2,1.1,0.5,0.7,0.3,1.2,11.2,0.0,0.0,1.1,,,,,,,,,,,,,,,,,,,,,,,,,,
329,Seth Curry,CHA,34,19,6,13,12.9,4.3,1.6,3.7,44.3,0.8,1.9,41.7,0.3,0.4,71.4,0.5,0.9,1.4,0.4,0.3,0.5,0.1,1.1,8.0,0.0,0.0,-1.3,,,,,,,,,,,,,,,,,,,,,,,,,,
331,Drew Eubanks,UTA,27,16,3,13,13.8,4.3,1.8,3.3,54.7,0.1,0.2,33.3,0.6,1.2,52.6,1.3,2.8,4.1,1.2,0.9,0.3,0.6,1.3,12.5,0.0,0.0,-1.0,,,,,,,,,,,,,,,,,,,,,,,,,,
332,Jared Butler,WAS,24,13,1,12,7.8,4.3,1.5,3.3,46.5,0.1,0.5,16.7,1.2,1.6,71.4,0.2,0.5,0.6,2.2,0.5,0.5,0.2,1.0,9.7,0.0,0.0,1.0,,,,,,,,,,,,,,,,,,,,,,,,,,
333,Ricky Council IV,PHI,23,15,2,13,11.4,4.3,1.5,3.5,41.5,0.4,1.6,25.0,0.9,1.0,93.3,0.3,1.3,1.7,0.7,0.3,0.2,0.1,0.7,8.1,1.0,0.0,-0.4,,,,,,,,,,,,,,,,,,,,,,,,,,
334,Dalen Terry,CHI,22,21,8,13,13.0,4.2,1.4,3.0,46.9,0.4,1.0,36.4,1.0,1.3,77.8,0.7,0.7,1.4,1.0,0.9,0.6,0.3,1.3,9.5,0.0,0.0,-3.7,,,,,,,,,,,,,,,,,,,,,,,,,,
335,Matas Buzelis,CHI,20,20,8,12,11.1,4.2,1.5,4.0,36.7,0.7,2.1,31.0,0.7,0.9,76.5,0.4,1.8,2.2,0.2,0.8,0.4,0.6,1.4,9.4,0.0,0.0,-1.5,,,,,,,,,,,,,,,,,,,,,,,,,,
336,Jett Howard,ORL,21,20,13,7,10.2,4.2,1.5,3.8,40.0,1.1,3.0,35.6,0.1,0.1,100,0.4,0.9,1.3,0.4,0.3,0.1,0.3,0.9,7.2,0.0,0.0,-0.6,,,,,,,,,,,,,,,,,,,,,,,,,,
337,Thomas Bryant,MIA,27,7,3,4,12.7,4.1,1.4,3.0,47.6,0.6,1.6,36.4,0.7,0.7,100,0.9,2.7,3.6,0.6,0.1,0.1,0.7,1.0,11.7,0.0,0.0,1.4,,,,,,,,,,,,,,,,,,,,,,,,,,
338,Nicolas Batum,LAC,35,21,12,9,17.7,4.1,1.4,3.6,38.7,1.0,2.8,37.9,0.3,0.4,75.0,0.8,2.0,2.7,1.4,0.4,0.4,0.5,1.1,11.6,0.0,0.0,3.1,,,,,,,,,,,,,,,,,,,,,,,,,,
339,Gary Harris,ORL,30,17,11,6,16.6,4.1,1.4,3.5,40.0,1.0,2.7,37.0,0.2,0.4,66.7,0.5,0.8,1.4,0.4,0.4,0.5,0.3,0.8,8.4,0.0,0.0,3.5,,,,,,,,,,,,,,,,,,,,,,,,,,
340,Josh Richardson,MIA,31,8,4,4,18.7,4.0,1.4,4.8,28.9,0.8,2.8,27.3,0.5,0.5,100,0.8,0.8,1.5,1.5,1.0,1.0,0.1,2.1,10.4,0.0,0.0,-3.9,,,,,,,,,,,,,,,,,,,,,,,,,,
341,Jock Landale,HOU,29,14,9,5,11.1,3.9,1.5,3.4,44.7,0.2,0.4,50.0,0.7,1.4,52.6,1.4,1.9,3.3,1.0,0.5,0.2,0.4,1.0,10.8,0.0,0.0,-0.1,,,,,,,,,,,,,,,,,,,,,,,,,,
342,Cam Reddish,LAL,25,13,6,7,20.5,3.9,1.4,2.5,54.5,0.7,1.3,52.9,0.5,0.8,60.0,0.5,2.1,2.5,0.5,0.5,1.1,0.3,1.8,11.5,0.0,0.0,-1.6,,,,,,,,,,,,,,,,,,,,,,,,,,
343,Aaron Holiday,HOU,28,11,8,3,8.7,3.8,1.3,2.8,45.2,0.8,2.1,39.1,0.5,0.6,71.4,0.0,0.8,0.8,1.3,0.3,0.1,0.1,0.5,7.0,0.0,0.0,3.4,,,,,,,,,,,,,,,,,,,,,,,,,,
343,Rob Dillingham,MIN,19,11,5,6,8.4,3.8,1.6,3.3,50.0,0.5,1.1,50.0,0.0,0.0,0.0,0.1,0.7,0.8,1.5,1.1,0.0,0.0,0.4,5.9,0.0,0.0,-1.2,,,,,,,,,,,,,,,,,,,,,,,,,,
345,Damion Lee,PHX,32,4,1,3,9.4,3.8,1.0,3.5,28.6,0.3,2.3,11.1,1.5,1.5,100,0.0,1.3,1.3,1.3,0.8,0.5,0.0,0.3,7.9,0.0,0.0,2.0,,,,,,,,,,,,,,,,,,,,,,,,,,
346,Bruno Fernando,TOR,26,14,2,12,8.7,3.7,1.6,3.2,51.1,0.0,0.0,0.0,0.4,0.6,75.0,1.5,1.6,3.1,1.2,0.8,0.1,0.5,1.7,10.4,0.0,0.0,-1.4,,,,,,,,,,,,,,,,,,,,,,,,,,
346,Tre Jones,SAS,24,7,4,3,18.0,3.7,1.1,4.0,28.6,0.3,1.6,18.2,1.1,1.7,66.7,0.7,1.9,2.6,3.6,0.7,0.4,0.0,1.6,12.7,0.0,0.0,0.0,,,,,,,,,,,,,,,,,,,,,,,,,,
348,Rayan Rupert,POR,20,17,7,10,11.0,3.7,1.4,3.3,42.9,0.5,1.5,32.0,0.4,0.6,70.0,0.8,0.9,1.7,0.2,0.6,0.4,0.1,0.8,7.0,0.0,0.0,-2.6,,,,,,,,,,,,,,,,,,,,,,,,,,
349,Daniel Theis,NOP,32,15,3,12,14.9,3.7,1.5,3.5,42.3,0.2,1.1,18.8,0.5,0.7,80.0,0.7,2.9,3.6,1.4,0.6,0.3,0.7,1.6,12.5,0.0,0.0,-3.5,,,,,,,,,,,,,,,,,,,,,,,,,,
350,Reed Sheppard,HOU,20,20,14,6,11.9,3.7,1.5,4.0,36.7,0.8,2.1,35.7,0.0,0.0,0.0,0.4,0.8,1.1,1.5,0.7,0.6,0.3,1.0,9.0,0.0,0.0,-0.8,,,,,,,,,,,,,,,,,,,,,,,,,,
351,Patty Mills,UTA,36,9,2,7,15.3,3.6,1.2,3.4,35.5,0.8,2.7,29.2,0.3,0.3,100,0.1,0.8,0.9,1.4,0.9,0.7,0.2,0.9,8.6,0.0,0.0,1.3,,,,,,,,,,,,,,,,,,,,,,,,,,
352,Marvin Bagley III,WAS,25,12,2,10,5.6,3.5,1.4,2.8,50.0,0.0,0.4,0.0,0.7,0.9,72.7,1.0,1.3,2.3,0.3,0.6,0.2,0.1,0.1,6.7,0.0,0.0,1.1,,,,,,,,,,,,,,,,,,,,,,,,,,
352,Ousmane Dieng,OKC,21,16,12,4,11.6,3.5,1.3,3.7,33.9,0.6,2.3,25.0,0.4,0.7,63.6,0.6,2.1,2.6,0.8,0.3,0.7,0.3,1.1,10.4,0.0,0.0,1.7,,,,,,,,,,,,,,,,,,,,,,,,,,
354,Isaiah Collier,UTA,20,12,3,9,17.7,3.4,1.3,4.3,31.4,0.3,1.8,14.3,0.5,1.2,42.9,0.1,1.6,1.7,3.3,2.3,0.8,0.2,1.8,11.0,0.0,0.0,-2.7,,,,,,,,,,,,,,,,,,,,,,,,,,
354,Tyler Kolek,NYK,23,12,7,5,7.9,3.4,1.2,2.4,48.3,0.8,1.5,50.0,0.3,0.3,100,0.2,0.7,0.8,0.8,0.6,0.4,0.1,0.7,6.5,0.0,0.0,-0.9,,,,,,,,,,,,,,,,,,,,,,,,,,
356,Dario Šarić,DEN,30,10,4,6,13.6,3.4,1.2,4.0,30.0,0.5,1.9,26.3,0.5,0.6,83.3,0.9,2.6,3.5,1.1,1.1,0.6,0.0,1.4,10.0,1.0,0.0,-4.3,,,,,,,,,,,,,,,,,,,,,,,,,,
357,Andre Jackson Jr.,MIL,23,18,10,8,18.6,3.3,1.3,3.3,38.3,0.6,1.6,34.5,0.2,0.4,50.0,0.8,2.7,3.5,1.4,1.5,0.7,0.3,2.5,11.4,0.0,0.0,3.6,,,,,,,,,,,,,,,,,,,,,,,,,,
358,Moussa Diabate,CHA,22,20,6,14,20.7,3.3,1.5,2.8,54.5,0.0,0.0,0.0,0.3,0.8,33.3,3.9,4.5,8.4,0.8,1.0,0.8,1.0,1.8,18.7,2.0,0.0,1.9,,,,,,,,,,,,,,,,,,,,,,,,,,
359,Ryan Rollins,MIL,22,9,3,6,7.6,3.2,1.1,2.6,43.5,0.7,1.2,54.5,0.3,0.4,75.0,0.3,0.9,1.2,1.0,0.8,0.8,0.4,0.9,9.1,0.0,0.0,4.4,,,,,,,,,,,,,,,,,,,,,,,,,,
360,Charles Bassey,SAS,24,11,7,4,8.8,3.2,1.4,2.4,57.7,0.0,0.0,0.0,0.5,0.7,62.5,1.0,2.1,3.1,0.4,0.5,0.5,1.1,0.7,11.6,0.0,0.0,2.6,,,,,,,,,,,,,,,,,,,,,,,,,,
361,Isaac Jones,SAC,24,10,6,4,7.6,3.1,1.4,2.2,63.6,0.0,0.2,0.0,0.3,0.6,50.0,0.5,0.9,1.4,0.1,0.4,0.0,0.2,1.0,5.1,0.0,0.0,-3.1,,,,,,,,,,,,,,,,,,,,,,,,,,
362,Jabari Walker,POR,22,15,5,10,9.8,3.1,1.2,3.1,39.1,0.1,0.9,15.4,0.5,0.6,88.9,0.9,1.9,2.9,0.6,0.5,0.3,0.1,1.1,7.9,0.0,0.0,-0.9,,,,,,,,,,,,,,,,,,,,,,,,,,
363,Cody Williams,UTA,20,16,4,12,18.7,3.1,1.1,4.2,26.9,0.4,2.3,18.9,0.4,0.6,60.0,0.5,1.8,2.3,1.2,0.7,0.4,0.3,1.3,9.2,0.0,0.0,-8.3,,,,,,,,,,,,,,,,,,,,,,,,,,
364,Bol Bol,PHX,25,5,0,5,4.2,3.0,1.0,1.8,55.6,0.2,0.8,25.0,0.8,1.2,66.7,0.4,0.6,1.0,0.2,0.2,0.0,0.0,0.2,4.3,0.0,0.0,1.2,,,,,,,,,,,,,,,,,,,,,,,,,,
364,Collin Gillespie,PHX,25,1,1,0,3.4,3.0,1.0,2.0,50.0,1.0,1.0,100,0.0,0.0,0.0,0.0,0.0,0.0,0.0,0.0,0.0,0.0,0.0,3.0,0.0,0.0,0.0,,,,,,,,,,,,,,,,,,,,,,,,,,
364,David Duke Jr.,SAS,25,1,0,1,8.2,3.0,1.0,4.0,25.0,0.0,1.0,0.0,1.0,2.0,50.0,0.0,0.0,0.0,2.0,0.0,0.0,0.0,1.0,6.0,0.0,0.0,0.0,,,,,,,,,,,,,,,,,,,,,,,,,,
364,Oscar Tshiebwe,UTA,25,1,0,1,15.7,3.0,0.0,0.0,0.0,0.0,0.0,0.0,3.0,4.0,75.0,3.0,6.0,9.0,0.0,1.0,2.0,0.0,3.0,18.8,0.0,0.0,-6.0,,,,,,,,,,,,,,,,,,,,,,,,,,
364,Richaun Holmes,WAS,31,2,0,2,3.9,3.0,1.5,3.0,50.0,0.0,0.5,0.0,0.0,0.0,0.0,0.5,0.5,1.0,0.0,0.0,0.0,0.0,0.5,4.2,0.0,0.0,0.0,,,,,,,,,,,,,,,,,,,,,,,,,,
364,Taze Moore,POR,26,2,0,2,9.9,3.0,1.0,5.0,20.0,0.5,2.0,25.0,0.5,1.0,50.0,2.0,2.0,4.0,0.5,1.0,1.0,0.0,0.0,10.6,0.0,0.0,-3.5,,,,,,,,,,,,,,,,,,,,,,,,,,
370,Chris Duarte,CHI,27,10,1,9,4.1,2.9,0.9,1.6,56.3,0.5,1.0,50.0,0.6,0.8,75.0,0.3,0.7,1.0,0.3,0.0,0.0,0.0,0.2,4.6,0.0,0.0,1.3,,,,,,,,,,,,,,,,,,,,,,,,,,
371,Vít Krejčí,ATL,24,9,4,5,10.9,2.9,1.0,2.4,40.9,0.4,1.2,36.4,0.4,0.8,57.1,0.3,0.8,1.1,1.1,0.6,0.4,0.2,1.7,7.3,0.0,0.0,-1.2,,,,,,,,,,,,,,,,,,,,,,,,,,
372,Kobe Brown,LAC,24,7,3,4,6.7,2.9,1.3,2.9,45.0,0.1,0.9,16.7,0.1,0.3,50.0,0.7,1.6,2.3,0.6,0.0,0.1,0.0,0.7,6.9,0.0,0.0,-1.3,,,,,,,,,,,,,,,,,,,,,,,,,,
372,Tristan Thompson,CLE,33,7,7,0,7.4,2.9,1.4,2.1,66.7,0.0,0.0,0.0,0.0,0.9,0.0,0.3,1.7,2.0,0.4,0.4,0.0,0.3,0.9,6.3,0.0,0.0,-2.7,,,,,,,,,,,,,,,,,,,,,,,,,,
374,Trey Jemison III,NOP,25,12,1,11,10.9,2.8,1.2,2.2,53.8,0.0,0.0,0.0,0.5,0.9,54.5,1.3,1.5,2.8,0.7,0.8,0.5,0.4,1.8,9.2,0.0,0.0,-0.6,,,,,,,,,,,,,,,,,,,,,,,,,,
375,Taj Gibson,CHA,39,11,3,8,11.4,2.8,1.3,2.6,48.3,0.1,0.2,50.0,0.2,0.3,66.7,1.7,1.9,3.6,0.4,0.8,0.4,0.3,1.5,8.8,0.0,0.0,-4.2,,,,,,,,,,,,,,,,,,,,,,,,,,
376,Doug McDermott,SAC,32,16,7,9,8.8,2.8,0.9,2.9,31.9,0.8,2.4,30.8,0.2,0.3,60.0,0.0,0.8,0.8,0.2,0.1,0.1,0.1,0.9,4.6,0.0,0.0,1.5,,,,,,,,,,,,,,,,,,,,,,,,,,
377,Craig Porter Jr.,CLE,24,15,12,3,9.7,2.8,1.1,2.0,56.7,0.3,0.7,45.5,0.2,0.3,60.0,0.1,0.9,0.9,1.3,0.6,0.3,0.4,0.5,7.5,0.0,0.0,1.0,,,,,,,,,,,,,,,,,,,,,,,,,,
377,Dru Smith,MIA,26,5,3,2,10.5,2.8,1.2,2.6,46.2,0.4,1.0,40.0,0.0,0.0,0.0,0.4,2.2,2.6,1.0,0.6,0.6,0.8,0.8,11.0,0.0,0.0,5.0,,,,,,,,,,,,,,,,,,,,,,,,,,
377,Jaylon Tyson,CLE,21,10,8,2,9.2,2.8,1.1,2.3,47.8,0.3,0.9,33.3,0.3,0.6,50.0,0.9,1.2,2.1,1.0,0.6,0.4,0.0,1.5,7.4,1.0,0.0,0.3,,,,,,,,,,,,,,,,,,,,,,,,,,
380,Gabe Vincent,LAL,28,19,11,8,16.7,2.8,1.1,3.5,31.3,0.5,2.3,20.9,0.1,0.3,33.3,0.3,0.7,0.9,0.5,0.4,0.5,0.1,1.6,6.0,0.0,0.0,0.3,,,,,,,,,,,,,,,,,,,,,,,,,,
381,TyTy Washington Jr.,PHX,23,3,0,3,8.9,2.7,1.0,2.0,50.0,0.7,1.0,66.7,0.0,0.0,0.0,0.0,0.3,0.3,1.3,0.3,0.7,0.0,0.0,6.7,0.0,0.0,-0.3,,,,,,,,,,,,,,,,,,,,,,,,,,
382,DeAndre Jordan,DEN,36,8,5,3,9.8,2.6,1.3,2.3,55.6,0.0,0.0,0.0,0.1,0.5,25.0,1.3,2.0,3.3,0.5,0.9,0.3,0.3,1.4,7.9,0.0,0.0,-2.1,,,,,,,,,,,,,,,,,,,,,,,,,,
382,Delon Wright,MIL,32,16,9,7,16.2,2.6,0.9,2.9,31.9,0.4,1.8,24.1,0.3,0.6,50.0,0.6,1.1,1.7,1.8,0.4,0.7,0.4,0.6,10.1,0.0,0.0,-2.4,,,,,,,,,,,,,,,,,,,,,,,,,,
384,Johnny Davis,WAS,22,13,1,12,7.1,2.6,1.1,2.2,48.3,0.2,0.5,50.0,0.2,0.4,60.0,0.3,0.9,1.2,0.2,0.1,0.3,0.1,0.8,5.5,0.0,0.0,1.5,,,,,,,,,,,,,,,,,,,,,,,,,,
385,E.J. Liddell,CHI,23,5,1,4,5.2,2.6,1.0,1.6,62.5,0.6,1.2,50.0,0.0,0.0,0.0,0.2,0.6,0.8,0.6,0.2,0.2,0.2,1.6,5.5,0.0,0.0,1.2,,,,,,,,,,,,,,,,,,,,,,,,,,
386,Nick Smith Jr.,CHA,20,9,1,8,7.6,2.6,1.0,2.8,36.0,0.6,1.6,35.7,0.0,0.0,0.0,0.0,0.4,0.4,0.6,0.1,0.2,0.0,0.2,4.5,0.0,0.0,-3.9,,,,,,,,,,,,,,,,,,,,,,,,,,
387,Jordan McLaughlin,SAC,28,16,8,8,8.9,2.5,0.8,2.0,37.5,0.4,1.2,31.6,0.6,0.8,83.3,0.2,0.9,1.1,1.0,0.4,0.4,0.0,0.6,6.2,0.0,0.0,0.0,,,,,,,,,,,,,,,,,,,,,,,,,,
388,Steven Adams,HOU,31,9,7,2,11.4,2.4,0.9,1.7,53.3,0.0,0.0,0.0,0.7,1.6,42.9,1.3,1.4,2.8,1.2,1.7,0.3,0.1,1.4,7.3,0.0,0.0,-1.9,,,,,,,,,,,,,,,,,,,,,,,,,,
389,Jeff Green,HOU,38,7,4,3,5.7,2.4,1.0,1.9,53.8,0.4,1.1,37.5,0.0,0.0,0.0,0.0,0.6,0.6,0.1,0.3,0.3,0.0,0.3,3.9,0.0,0.0,0.4,,,,,,,,,,,,,,,,,,,,,,,,,,
390,Hunter Tyson,DEN,24,12,6,6,9.2,2.4,0.8,1.9,43.5,0.3,1.1,23.1,0.5,0.6,85.7,0.3,1.3,1.7,0.5,0.4,0.2,0.3,1.2,6.0,0.0,0.0,-2.8,,,,,,,,,,,,,,,,,,,,,,,,,,
391,Kel'el Ware,MIA,20,10,5,5,6.9,2.4,1.0,2.5,40.0,0.2,0.7,28.6,0.2,0.2,100,0.2,1.4,1.6,0.1,0.4,0.3,0.5,0.6,6.5,0.0,0.0,-0.8,,,,,,,,,,,,,,,,,,,,,,,,,,
392,Johnny Furphy,IND,19,11,3,8,9.0,2.4,0.8,2.4,34.6,0.3,1.1,25.0,0.5,0.5,100,0.5,0.5,1.1,0.5,0.5,0.4,0.3,0.5,5.7,0.0,0.0,0.7,,,,,,,,,,,,,,,,,,,,,,,,,,
393,Nate Williams,HOU,25,3,3,0,3.3,2.3,1.0,1.3,75.0,0.3,0.7,50.0,0.0,0.0,0.0,0.0,1.0,1.0,0.0,0.0,0.3,0.0,0.0,4.5,0.0,0.0,1.0,,,,,,,,,,,,,,,,,,,,,,,,,,
393,Orlando Robinson,SAC,24,3,1,2,7.2,2.3,0.7,0.7,100,0.3,0.3,100,0.7,1.3,50.0,0.7,1.3,2.0,0.3,1.0,0.3,0.0,1.3,5.2,0.0,0.0,-2.7,,,,,,,,,,,,,,,,,,,,,,,,,,
395,Kai Jones,LAC,23,13,7,6,8.1,2.3,1.0,1.4,72.2,0.0,0.0,0.0,0.3,0.5,66.7,0.8,1.2,1.9,0.3,0.4,0.1,0.6,0.8,6.8,0.0,0.0,-2.2,,,,,,,,,,,,,,,,,,,,,,,,,,
396,Patrick Baldwin Jr.,WAS,22,11,1,10,5.1,2.3,0.8,1.7,47.4,0.5,1.0,45.5,0.2,0.4,50.0,0.3,0.8,1.1,0.1,0.2,0.2,0.2,0.4,4.6,0.0,0.0,2.5,,,,,,,,,,,,,,,,,,,,,,,,,,
397,Jae'Sean Tate,HOU,29,8,7,1,4.8,2.3,0.9,1.5,58.3,0.0,0.1,0.0,0.5,0.9,57.1,0.4,1.9,2.3,0.5,0.8,0.4,0.0,0.9,6.1,0.0,0.0,0.0,,,,,,,,,,,,,,,,,,,,,,,,,,
397,Lester Quinones,PHI,24,4,1,3,4.2,2.3,1.0,2.0,50.0,0.0,0.8,0.0,0.3,0.3,100,0.8,0.3,1.0,0.3,1.0,0.0,0.0,0.0,2.8,0.0,0.0,-1.0,,,,,,,,,,,,,,,,,,,,,,,,,,
397,Vlatko Čančar,DEN,27,4,1,3,8.6,2.3,1.0,1.8,57.1,0.3,0.5,50.0,0.0,0.0,0.0,0.8,1.3,2.0,0.0,0.5,0.0,0.3,1.0,4.9,0.0,0.0,-0.5,,,,,,,,,,,,,,,,,,,,,,,,,,
400,Tyler Smith,MIL,20,9,4,5,3.2,2.2,0.9,1.3,66.7,0.3,0.8,42.9,0.1,0.2,50.0,0.1,0.6,0.7,0.0,0.2,0.0,0.2,0.4,3.5,0.0,0.0,1.6,,,,,,,,,,,,,,,,,,,,,,,,,,
401,Christian Koloko,LAL,24,10,6,4,9.2,2.2,1.0,1.4,71.4,0.0,0.1,0.0,0.2,0.2,100,0.7,1.1,1.8,0.3,0.4,0.4,0.4,1.1,6.8,0.0,0.0,0.8,,,,,,,,,,,,,,,,,,,,,,,,,,
401,John Konchar,MEM,28,10,6,4,13.0,2.2,0.7,1.7,41.2,0.5,1.5,33.3,0.3,0.4,75.0,0.8,2.1,2.9,0.9,0.5,0.5,0.5,0.9,9.5,0.0,0.0,-0.3,,,,,,,,,,,,,,,,,,,,,,,,,,
403,Anthony Gill,WAS,32,14,1,13,5.1,2.1,0.7,1.2,58.8,0.2,0.4,50.0,0.5,0.9,53.8,0.2,0.6,0.9,0.4,0.1,0.2,0.1,0.1,4.5,0.0,0.0,1.0,,,,,,,,,,,,,,,,,,,,,,,,,,
404,Dillon Jones,OKC,23,18,15,3,8.3,2.1,0.8,2.6,32.6,0.2,1.4,15.4,0.2,0.3,50.0,0.7,1.3,2.0,0.7,0.4,0.2,0.1,0.9,5.7,0.0,0.0,-0.9,,,,,,,,,,,,,,,,,,,,,,,,,,
405,Adama Sanogo,CHI,22,3,1,2,4.6,2.0,1.0,1.7,60.0,0.0,0.0,0.0,0.0,0.0,0.0,0.7,0.0,0.7,0.3,0.3,0.0,0.0,0.3,3.0,0.0,0.0,-2.3,,,,,,,,,,,,,,,,,,,,,,,,,,
405,Alex Reese,OKC,25,1,1,0,1.9,2.0,1.0,1.0,100,0.0,0.0,0.0,0.0,0.0,0.0,1.0,0.0,1.0,0.0,0.0,0.0,0.0,0.0,3.2,0.0,0.0,3.0,,,,,,,,,,,,,,,,,,,,,,,,,,
405,Jeff Dowtin Jr.,PHI,27,8,1,7,10.0,2.0,0.8,2.4,31.6,0.1,1.0,12.5,0.4,0.5,75.0,0.3,0.8,1.0,1.1,0.1,0.4,0.0,0.6,5.9,0.0,0.0,1.0,,,,,,,,,,,,,,,,,,,,,,,,,,
405,Jevon Carter,CHI,29,9,2,7,5.3,2.0,0.8,2.3,33.3,0.4,1.6,28.6,0.0,0.0,0.0,0.1,0.6,0.7,0.7,0.3,0.3,0.0,0.1,4.5,0.0,0.0,2.4,,,,,,,,,,,,,,,,,,,,,,,,,,
405,Justin Edwards,PHI,20,2,1,1,4.5,2.0,1.0,1.5,66.7,0.0,0.5,0.0,0.0,0.5,0.0,0.0,1.0,1.0,0.5,0.0,0.0,0.0,0.0,4.0,0.0,0.0,-1.5,,,,,,,,,,,,,,,,,,,,,,,,,,
405,Luka Garza,MIN,25,4,3,1,4.2,2.0,1.0,2.8,36.4,0.0,1.0,0.0,0.0,0.3,0.0,0.3,1.0,1.3,0.0,0.5,0.0,0.0,0.3,3.0,0.0,0.0,-0.3,,,,,,,,,,,,,,,,,,,,,,,,,,
405,Maxi Kleber,DAL,32,11,8,3,16.7,2.0,0.8,1.8,45.0,0.2,0.5,33.3,0.2,0.4,50.0,0.2,2.7,2.9,0.6,0.7,0.2,0.5,2.5,7.6,0.0,0.0,4.5,,,,,,,,,,,,,,,,,,,,,,,,,,
405,Pat Spencer,GSW,28,5,3,2,5.5,2.0,0.8,1.8,44.4,0.0,0.0,0.0,0.4,0.4,100,0.6,0.4,1.0,1.4,0.4,0.2,0.0,0.6,5.5,0.0,0.0,-0.2,,,,,,,,,,,,,,,,,,,,,,,,,,
405,Ulrich Chomche,TOR,18,1,0,1,4.5,2.0,1.0,1.0,100,0.0,0.0,0.0,0.0,0.0,0.0,0.0,1.0,1.0,0.0,0.0,0.0,0.0,0.0,3.2,0.0,0.0,-4.0,,,,,,,,,,,,,,,,,,,,,,,,,,
414,Pacome Dadiet,NYK,19,10,8,2,7.4,1.9,0.6,1.8,33.3,0.5,1.2,41.7,0.2,0.2,100,0.0,1.3,1.3,0.4,0.1,0.1,0.2,0.5,4.9,0.0,0.0,1.6,,,,,,,,,,,,,,,,,,,,,,,,,,
415,Enrique Freeman,IND,24,11,3,8,8.8,1.8,0.6,1.5,43.8,0.1,0.5,20.0,0.5,0.8,55.6,0.3,0.6,0.9,0.5,0.3,0.2,0.1,1.3,4.3,0.0,0.0,-2.1,,,,,,,,,,,,,,,,,,,,,,,,,,
416,Jericho Sims,NYK,26,19,11,8,13.3,1.8,0.8,1.2,69.6,0.0,0.0,0.0,0.1,0.3,40.0,1.4,2.4,3.7,0.6,0.4,0.3,0.5,1.6,8.9,0.0,0.0,1.7,,,,,,,,,,,,,,,,,,,,,,,,,,
417,Dwight Powell,DAL,33,15,9,6,8.3,1.7,0.4,0.5,75.0,0.0,0.0,0.0,0.9,1.2,72.2,0.6,1.3,1.9,0.6,0.3,0.4,0.5,1.5,7.3,0.0,0.0,1.3,,,,,,,,,,,,,,,,,,,,,,,,,,
418,MarJon Beauchamp,MIL,24,11,6,5,3.2,1.6,0.5,1.5,37.5,0.2,0.7,25.0,0.4,0.4,100,0.2,0.6,0.8,0.1,0.6,0.1,0.0,0.3,2.4,0.0,0.0,1.5,,,,,,,,,,,,,,,,,,,,,,,,,,
419,Alex Len,SAC,31,15,7,8,7.7,1.6,0.7,1.3,57.9,0.0,0.3,0.0,0.1,0.3,50.0,0.4,1.7,2.1,0.7,0.4,0.2,0.7,0.9,7.6,0.0,0.0,-3.5,,,,,,,,,,,,,,,,,,,,,,,,,,
419,Jazian Gortman,DAL,21,5,4,1,2.6,1.6,0.6,1.0,60.0,0.4,0.6,66.7,0.0,0.0,0.0,0.2,0.0,0.2,0.0,0.2,0.0,0.2,0.4,2.2,0.0,0.0,-0.2,,,,,,,,,,,,,,,,,,,,,,,,,,
419,Luke Travers,CLE,23,5,5,0,8.0,1.6,0.6,1.4,42.9,0.0,0.6,0.0,0.4,0.4,100,0.2,1.0,1.2,1.0,0.4,0.2,0.2,0.6,5.3,0.0,0.0,0.2,,,,,,,,,,,,,,,,,,,,,,,,,,
422,Jaylen Martin,BKN,20,2,2,0,1.5,1.5,0.5,0.5,100,0.5,0.5,100,0.0,0.0,0.0,0.0,0.0,0.0,0.0,0.0,0.0,0.0,0.5,1.5,0.0,0.0,-2.0,,,,,,,,,,,,,,,,,,,,,,,,,,
422,Jordan Walsh,BOS,20,14,11,3,8.6,1.5,0.6,1.7,33.3,0.4,1.4,26.3,0.0,0.1,0.0,0.3,0.6,0.9,0.2,0.1,0.3,0.4,0.7,4.9,0.0,0.0,1.1,,,,,,,,,,,,,,,,,,,,,,,,,,
422,Trevelin Queen,ORL,27,2,1,1,2.5,1.5,0.5,1.5,33.3,0.5,0.5,100,0.0,0.0,0.0,0.0,0.0,0.0,0.0,0.5,0.0,0.0,0.5,1.0,0.0,0.0,3.0,,,,,,,,,,,,,,,,,,,,,,,,,,
425,Olivier-Maxence Prosper,DAL,22,11,8,3,5.5,1.5,0.6,1.6,38.9,0.0,0.3,0.0,0.2,0.3,66.7,0.6,0.6,1.3,0.1,0.1,0.1,0.0,0.5,3.3,0.0,0.0,-0.2,,,,,,,,,,,,,,,,,,,,,,,,,,
426,Xavier Tillman,BOS,25,13,12,1,9.3,1.4,0.5,2.1,25.9,0.2,1.2,20.0,0.1,0.2,50.0,0.5,1.7,2.2,0.5,0.2,0.2,0.2,0.8,5.8,0.0,0.0,0.7,,,,,,,,,,,,,,,,,,,,,,,,,,
427,Adam Flagler,OKC,25,9,8,1,3.3,1.3,0.4,1.7,26.7,0.4,1.6,28.6,0.0,0.0,0.0,0.1,0.4,0.6,0.0,0.0,0.2,0.0,0.4,2.7,0.0,0.0,-0.3,,,,,,,,,,,,,,,,,,,,,,,,,,
427,Jack McVeigh,HOU,28,6,5,1,3.6,1.3,0.5,1.8,27.3,0.3,1.3,25.0,0.0,0.0,0.0,0.2,0.5,0.7,0.2,0.2,0.0,0.2,0.2,2.7,0.0,0.0,0.3,,,,,,,,,,,,,,,,,,,,,,,,,,
427,James Johnson,IND,37,3,0,3,3.5,1.3,0.7,1.3,50.0,0.0,0.3,0.0,0.0,0.0,0.0,0.0,0.7,0.7,0.7,1.0,0.0,0.3,0.0,3.1,0.0,0.0,2.0,,,,,,,,,,,,,,,,,,,,,,,,,,
430,Ariel Hukporti,NYK,22,7,5,2,9.7,1.3,0.6,1.1,50.0,0.0,0.0,0.0,0.1,0.3,50.0,0.3,1.7,2.0,0.4,1.0,0.0,1.1,1.6,6.8,0.0,0.0,-2.9,,,,,,,,,,,,,,,,,,,,,,,,,,
430,Josh Minott,MIN,22,7,3,4,6.2,1.3,0.6,1.1,50.0,0.0,0.6,0.0,0.1,0.3,50.0,0.0,0.6,0.6,0.1,0.4,0.0,0.3,1.1,2.6,0.0,0.0,-1.4,,,,,,,,,,,,,,,,,,,,,,,,,,
432,Adem Bona,PHI,21,12,1,11,5.2,1.3,0.5,0.7,75.0,0.0,0.0,0.0,0.3,0.3,75.0,0.5,1.2,1.7,0.0,0.3,0.0,0.5,0.9,4.4,0.0,0.0,1.8,,,,,,,,,,,,,,,,,,,,,,,,,,
432,Liam Robbins,MIL,25,4,2,2,4.5,1.3,0.5,0.8,66.7,0.0,0.3,0.0,0.3,1.0,25.0,0.5,0.3,0.8,0.0,0.0,0.0,0.0,0.8,2.2,0.0,0.0,1.0,,,,,,,,,,,,,,,,,,,,,,,,,,
432,Zeke Nnaji,DEN,23,12,8,4,5.2,1.3,0.6,1.6,36.8,0.0,0.7,0.0,0.1,0.3,25.0,0.2,0.4,0.6,0.3,0.1,0.1,0.2,0.3,3.0,0.0,0.0,-4.6,,,,,,,,,,,,,,,,,,,,,,,,,,
435,Brandon Williams,DAL,25,5,5,0,4.3,1.2,0.4,1.8,22.2,0.0,0.4,0.0,0.4,0.6,66.7,0.2,0.6,0.8,0.4,0.4,0.0,0.0,0.4,2.4,0.0,0.0,-3.2,,,,,,,,,,,,,,,,,,,,,,,,,,
435,Jaden Springer,BOS,22,5,5,0,4.3,1.2,0.4,1.4,28.6,0.0,0.4,0.0,0.4,0.8,50.0,0.4,0.6,1.0,0.6,0.2,0.6,0.0,0.4,4.9,0.0,0.0,-2.8,,,,,,,,,,,,,,,,,,,,,,,,,,
437,Duop Reath,POR,28,11,4,7,4.7,1.2,0.5,1.6,27.8,0.3,1.2,23.1,0.0,0.0,0.0,0.5,0.3,0.7,0.2,0.1,0.0,0.2,0.5,2.8,0.0,0.0,-1.6,,,,,,,,,,,,,,,,,,,,,,,,,,
438,Cory Joseph,ORL,33,13,8,5,3.5,1.2,0.4,1.2,33.3,0.4,0.9,41.7,0.0,0.0,0.0,0.2,0.5,0.7,0.7,0.2,0.2,0.2,0.2,3.8,0.0,0.0,0.2,,,,,,,,,,,,,,,,,,,,,,,,,,
439,Colby Jones,SAC,22,11,5,6,4.0,1.1,0.5,0.9,50.0,0.2,0.4,50.0,0.0,0.0,0.0,0.2,0.5,0.6,0.2,0.4,0.2,0.2,0.5,2.9,0.0,0.0,-3.2,,,,,,,,,,,,,,,,,,,,,,,,,,
440,Baylor Scheierman,BOS,24,4,4,0,5.8,1.0,0.3,1.8,14.3,0.0,1.0,0.0,0.5,0.5,100,0.5,1.0,1.5,0.3,0.0,0.0,0.0,0.5,3.2,0.0,0.0,-3.5,,,,,,,,,,,,,,,,,,,,,,,,,,
440,Branden Carlson,OKC,25,2,2,0,1.5,1.0,0.5,0.5,100,0.0,0.0,0.0,0.0,0.0,0.0,1.0,1.0,2.0,0.0,0.0,0.0,0.0,0.0,3.4,0.0,0.0,2.0,,,,,,,,,,,,,,,,,,,,,,,,,,
440,Cam Spencer,MEM,24,2,2,0,10.4,1.0,0.5,1.0,50.0,0.0,0.5,0.0,0.0,0.0,0.0,0.0,1.0,1.0,1.0,0.5,0.0,0.5,1.0,4.7,0.0,0.0,5.0,,,,,,,,,,,,,,,,,,,,,,,,,,
440,Chris Livingston,MIL,21,2,2,0,1.2,1.0,0.5,1.0,50.0,0.0,0.0,0.0,0.0,0.0,0.0,0.5,0.5,1.0,0.0,0.0,0.0,0.0,0.0,2.2,0.0,0.0,0.5,,,,,,,,,,,,,,,,,,,,,,,,,,
440,Gui Santos,GSW,22,6,5,1,3.7,1.0,0.3,0.8,40.0,0.2,0.5,33.3,0.2,0.3,50.0,0.2,0.8,1.0,0.3,0.3,0.0,0.0,0.5,2.4,0.0,0.0,2.5,,,,,,,,,,,,,,,,,,,,,,,,,,
440,JD Davison,BOS,22,3,3,0,4.8,1.0,0.3,1.3,25.0,0.0,0.7,0.0,0.3,0.7,50.0,0.0,0.3,0.3,0.3,1.3,0.3,0.0,0.3,1.6,0.0,0.0,-6.3,,,,,,,,,,,,,,,,,,,,,,,,,,
440,Jared Rhoden,CHA,25,4,1,3,2.9,1.0,0.5,2.0,25.0,0.0,0.5,0.0,0.0,0.0,0.0,0.5,0.5,1.0,0.5,0.3,0.3,0.0,0.3,3.5,0.0,0.0,2.0,,,,,,,,,,,,,,,,,,,,,,,,,,
440,Karlo Matković,NOP,23,4,1,3,7.4,1.0,0.5,0.8,66.7,0.0,0.0,0.0,0.0,0.0,0.0,1.3,1.0,2.3,0.0,1.0,0.5,0.5,1.0,5.7,0.0,0.0,-1.3,,,,,,,,,,,,,,,,,,,,,,,,,,
440,Markieff Morris,DAL,35,2,2,0,4.8,1.0,0.5,3.0,16.7,0.0,1.0,0.0,0.0,0.0,0.0,0.0,2.0,2.0,1.0,0.0,0.0,0.0,0.0,4.9,0.0,0.0,-4.5,,,,,,,,,,,,,,,,,,,,,,,,,,
440,Mouhamed Gueye,ATL,22,2,0,2,5.7,1.0,0.5,2.0,25.0,0.0,1.0,0.0,0.0,0.0,0.0,0.0,1.0,1.0,0.0,0.5,0.0,0.0,0.0,1.7,0.0,0.0,-0.5,,,,,,,,,,,,,,,,,,,,,,,,,,
440,PJ Dozier,MIN,28,4,3,1,3.7,1.0,0.3,0.5,50.0,0.3,0.5,50.0,0.3,0.5,50.0,0.3,0.5,0.8,0.5,0.0,0.3,0.0,0.5,3.4,0.0,0.0,-0.8,,,,,,,,,,,,,,,,,,,,,,,,,,
440,Reece Beekman,GSW,23,2,2,0,2.0,1.0,0.5,0.5,100,0.0,0.0,0.0,0.0,0.0,0.0,0.5,0.0,0.5,0.5,0.0,0.5,0.0,0.5,3.9,0.0,0.0,0.0,,,,,,,,,,,,,,,,,,,,,,,,,,
440,Terrence Shannon Jr.,MIN,24,4,3,1,3.7,1.0,0.5,0.8,66.7,0.0,0.3,0.0,0.0,0.0,0.0,0.0,0.0,0.0,0.5,0.5,0.5,0.3,0.0,3.5,0.0,0.0,-0.8,,,,,,,,,,,,,,,,,,,,,,,,,,
440,Tristen Newton,IND,23,3,0,3,1.8,1.0,0.3,1.7,20.0,0.0,0.7,0.0,0.3,0.3,100,0.0,0.0,0.0,0.0,0.3,0.0,0.0,0.7,0.7,0.0,0.0,-1.7,,,,,,,,,,,,,,,,,,,,,,,,,,
454,Yuki Kawamura,MEM,23,11,9,2,3.0,0.9,0.3,1.2,23.1,0.1,0.8,11.1,0.3,0.4,75.0,0.0,0.2,0.2,0.6,0.4,0.0,0.0,0.3,1.7,0.0,0.0,-0.4,,,,,,,,,,,,,,,,,,,,,,,,,,
455,Trey Alexander,DEN,21,8,4,4,5.2,0.9,0.3,1.3,20.0,0.1,0.8,16.7,0.3,0.3,100,0.0,0.1,0.1,0.3,0.1,0.0,0.1,0.4,1.7,0.0,0.0,-0.1,,,,,,,,,,,,,,,,,,,,,,,,,,
456,Caleb Houstan,ORL,21,13,8,5,4.5,0.8,0.2,1.4,16.7,0.2,1.2,13.3,0.2,0.2,100,0.1,0.5,0.5,0.0,0.1,0.0,0.1,0.5,1.6,0.0,0.0,-1.0,,,,,,,,,,,,,,,,,,,,,,,,,,
457,D.J. Carton,TOR,24,4,1,3,8.3,0.8,0.3,1.8,14.3,0.0,0.8,0.0,0.3,0.3,100,0.0,1.0,1.0,0.8,1.0,0.5,0.0,0.3,3.6,0.0,0.0,3.0,,,,,,,,,,,,,,,,,,,,,,,,,,
458,Garrett Temple,TOR,38,7,3,4,4.1,0.7,0.3,0.7,40.0,0.1,0.3,50.0,0.0,0.0,0.0,0.1,0.4,0.6,0.7,0.1,0.6,0.1,0.9,4.5,0.0,0.0,0.7,,,,,,,,,,,,,,,,,,,,,,,,,,
459,Armel Traore,LAL,21,3,2,1,3.9,0.7,0.3,0.7,50.0,0.0,0.3,0.0,0.0,0.7,0.0,0.0,0.7,0.7,0.0,0.0,0.3,0.0,0.7,2.5,0.0,0.0,-0.7,,,,,,,,,,,,,,,,,,,,,,,,,,
459,Bronny James,LAL,20,6,4,2,2.6,0.7,0.2,1.0,16.7,0.0,0.7,0.0,0.3,0.3,100,0.2,0.0,0.2,0.3,0.0,0.2,0.0,0.3,1.9,0.0,0.0,-1.7,,,,,,,,,,,,,,,,,,,,,,,,,,
459,Colin Castleton,MEM,24,6,6,0,2.3,0.7,0.0,0.2,0.0,0.0,0.2,0.0,0.7,0.7,100,0.0,0.8,0.8,0.0,0.0,0.0,0.2,0.3,2.2,0.0,0.0,0.7,,,,,,,,,,,,,,,,,,,,,,,,,,
462,Sidy Cissoko,SAS,20,8,4,4,2.9,0.6,0.3,0.6,40.0,0.1,0.3,50.0,0.0,0.3,0.0,0.3,0.5,0.8,0.6,0.1,0.0,0.0,0.5,2.3,0.0,0.0,0.5,,,,,,,,,,,,,,,,,,,,,,,,,,
463,Matt Ryan,NYK,27,5,4,1,5.0,0.6,0.2,1.4,14.3,0.2,1.0,20.0,0.0,0.0,0.0,0.0,0.0,0.0,0.0,0.2,0.0,0.0,0.0,0.4,0.0,0.0,-3.4,,,,,,,,,,,,,,,,,,,,,,,,,,
463,Stanley Umude,MIL,25,5,4,1,3.1,0.6,0.2,0.6,33.3,0.2,0.6,33.3,0.0,0.4,0.0,0.0,0.6,0.6,0.2,0.0,0.0,0.2,0.0,2.2,0.0,0.0,1.2,,,,,,,,,,,,,,,,,,,,,,,,,,
465,AJ Johnson,MIL,20,4,2,2,2.1,0.5,0.3,0.8,33.3,0.0,0.0,0.0,0.0,0.0,0.0,0.0,0.3,0.3,0.3,0.3,0.0,0.0,0.0,0.9,0.0,0.0,1.3,,,,,,,,,,,,,,,,,,,,,,,,,,
465,Dominick Barlow,ATL,21,2,1,1,5.4,0.5,0.0,0.5,0.0,0.0,0.0,0.0,0.5,1.0,50.0,0.0,0.0,0.0,0.0,0.0,0.0,0.0,0.5,0.5,0.0,0.0,-2.5,,,,,,,,,,,,,,,,,,,,,,,,,,
465,Jalen Bridges,PHX,23,2,0,2,5.5,0.5,0.0,1.0,0.0,0.0,1.0,0.0,0.5,1.0,50.0,0.0,0.5,0.5,0.0,1.0,0.0,0.0,0.0,0.1,0.0,0.0,2.5,,,,,,,,,,,,,,,,,,,,,,,,,,
465,PJ Hall,DEN,22,4,2,2,2.0,0.5,0.3,0.8,33.3,0.0,0.5,0.0,0.0,0.0,0.0,0.0,0.0,0.0,0.0,0.0,0.0,0.0,0.3,0.5,0.0,0.0,-1.0,,,,,,,,,,,,,,,,,,,,,,,,,,
469,Jacob Toppin,NYK,24,5,4,1,2.9,0.4,0.2,0.4,50.0,0.0,0.2,0.0,0.0,0.0,0.0,0.0,0.4,0.4,0.4,0.0,0.0,0.0,0.0,1.5,0.0,0.0,-1.6,,,,,,,,,,,,,,,,,,,,,,,,,,
470,Cui Yongxi,BKN,21,3,2,1,1.5,0.3,0.0,0.3,0.0,0.0,0.0,0.0,0.3,0.7,50.0,0.0,0.0,0.0,0.0,0.0,0.0,0.0,0.0,0.3,0.0,0.0,-0.3,,,,,,,,,,,,,,,,,,,,,,,,,,
470,Malevy Leons,OKC,25,6,6,0,3.5,0.3,0.0,0.3,0.0,0.0,0.2,0.0,0.3,0.7,50.0,0.2,0.3,0.5,0.2,0.2,0.0,0.0,0.7,1.0,0.0,0.0,-3.0,,,,,,,,,,,,,,,,,,,,,,,,,,
472,Alex Ducas,OKC,23,4,4,0,1.8,0.0,0.0,0.8,0.0,0.0,0.5,0.0,0.0,0.0,0.0,0.0,0.0,0.0,0.0,0.0,0.0,0.0,0.0,0.0,0.0,0.0,0.0,,,,,,,,,,,,,,,,,,,,,,,,,,
472,Cole Swider,DET,25,2,0,2,6.5,0.0,0.0,2.5,0.0,0.0,2.5,0.0,0.0,0.0,0.0,0.0,1.0,1.0,0.5,0.0,0.0,0.0,0.5,2.0,0.0,0.0,5.0,,,,,,,,,,,,,,,,,,,,,,,,,,
472,Daniss Jenkins,DET,23,2,0,2,2.5,0.0,0.0,1.0,0.0,0.0,1.0,0.0,0.0,0.0,0.0,0.0,0.0,0.0,0.0,0.0,0.0,0.0,0.5,0.0,0.0,0.0,-2.5,,,,,,,,,,,,,,,,,,,,,,,,,,
472,Dariq Whitehead,BKN,20,1,1,0,2.0,0.0,0.0,0.0,0.0,0.0,0.0,0.0,0.0,0.0,0.0,0.0,1.0,1.0,0.0,2.0,0.0,0.0,0.0,-0.8,0.0,0.0,-4.0,,,,,,,,,,,,,,,,,,,,,,,,,,
472,Drew Peterson,BOS,25,3,3,0,2.5,0.0,0.0,0.3,0.0,0.0,0.3,0.0,0.0,0.0,0.0,0.0,0.3,0.3,0.3,0.3,0.3,0.7,0.0,3.6,0.0,0.0,-4.7,,,,,,,,,,,,,,,,,,,,,,,,,,
472,Harrison Ingram,SAS,22,1,0,1,6.8,0.0,0.0,1.0,0.0,0.0,0.0,0.0,0.0,0.0,0.0,0.0,1.0,1.0,0.0,0.0,0.0,0.0,1.0,1.2,0.0,0.0,0.0,,,,,,,,,,,,,,,,,,,,,,,,,,
472,Jalen Hood-Schifino,LAL,21,1,1,0,1.5,0.0,0.0,0.0,0.0,0.0,0.0,0.0,0.0,0.0,0.0,0.0,0.0,0.0,0.0,0.0,0.0,0.0,0.0,0.0,0.0,0.0,-4.0,,,,,,,,,,,,,,,,,,,,,,,,,,
472,Jalen Pickett,DEN,25,2,1,1,1.9,0.0,0.0,0.5,0.0,0.0,0.5,0.0,0.0,0.0,0.0,0.0,0.0,0.0,0.0,0.0,0.0,0.0,0.0,0.0,0.0,0.0,0.5,,,,,,,,,,,,,,,,,,,,,,,,,,
472,Joe Ingles,MIN,37,7,5,2,3.7,0.0,0.0,0.3,0.0,0.0,0.3,0.0,0.0,0.0,0.0,0.3,0.0,0.3,1.3,0.1,0.0,0.0,0.7,2.1,0.0,0.0,-0.4,,,,,,,,,,,,,,,,,,,,,,,,,,
472,Justin Champagnie,WAS,23,2,0,2,2.3,0.0,0.0,0.0,0.0,0.0,0.0,0.0,0.0,0.0,0.0,0.5,0.5,1.0,0.5,0.0,0.0,0.0,1.5,2.0,0.0,0.0,6.0,,,,,,,,,,,,,,,,,,,,,,,,,,
472,Justin Minaya,POR,25,1,0,1,6.1,0.0,0.0,0.0,0.0,0.0,0.0,0.0,0.0,0.0,0.0,0.0,1.0,1.0,0.0,0.0,0.0,0.0,1.0,1.2,0.0,0.0,-2.0,,,,,,,,,,,,,,,,,,,,,,,,,,
472,Kessler Edwards,DAL,24,4,3,1,2.2,0.0,0.0,0.5,0.0,0.0,0.5,0.0,0.0,0.0,0.0,0.0,0.0,0.0,0.0,0.3,0.0,0.0,0.5,-0.3,0.0,0.0,-4.8,,,,,,,,,,,,,,,,,,,,,,,,,,
472,Mac McClung,ORL,25,1,0,1,4.9,0.0,0.0,0.0,0.0,0.0,0.0,0.0,0.0,0.0,0.0,0.0,1.0,1.0,2.0,0.0,0.0,0.0,0.0,4.2,0.0,0.0,11.0,,,,,,,,,,,,,,,,,,,,,,,,,,
472,Mason Jones,SAC,26,3,2,1,4.2,0.0,0.0,0.7,0.0,0.0,0.7,0.0,0.0,0.0,0.0,0.3,1.0,1.3,2.3,0.0,0.0,0.0,0.3,5.1,0.0,0.0,-0.3,,,,,,,,,,,,,,,,,,,,,,,,,,
472,Maxwell Lewis,LAL,22,4,3,1,2.6,0.0,0.0,0.3,0.0,0.0,0.0,0.0,0.0,0.0,0.0,0.3,0.0,0.3,0.0,0.0,0.0,0.0,0.3,0.3,0.0,0.0,-1.0,,,,,,,,,,,,,,,,,,,,,,,,,,
472,Riley Minix,SAS,24,1,0,1,6.8,0.0,0.0,1.0,0.0,0.0,1.0,0.0,0.0,0.0,0.0,0.0,2.0,2.0,0.0,0.0,0.0,0.0,0.0,2.4,0.0,0.0,0.0,,,,,,,,,,,,,,,,,,,,,,,,,,
472,Spencer Jones,DEN,23,2,2,0,1.9,0.0,0.0,0.5,0.0,0.0,0.5,0.0,0.0,0.0,0.0,0.0,0.5,0.5,0.0,0.0,1.0,0.0,0.0,3.6,0.0,0.0,0.5,,,,,,,,,,,,,,,,,,,,,,,,,,
